
===== DIG IG RUN: 2026-08-01 11:44:01 =====
--- propose ---
Traceback (most recent call last):
  File "/Users/tommasosaggini/Sites/dig/pipeline/ig_propose.py", line 75, in <module>
    main()
  File "/Users/tommasosaggini/Sites/dig/pipeline/ig_propose.py", line 71, in main
    propose(args.n)
  File "/Users/tommasosaggini/Sites/dig/pipeline/ig_propose.py", line 40, in propose
    deficit = max(0, TARGET_SUGGESTED - _suggested_count())
                                        ^^^^^^^^^^^^^^^^^^
  File "/Users/tommasosaggini/Sites/dig/pipeline/ig_propose.py", line 30, in _suggested_count
    row = fetchone("SELECT count(*) AS n FROM ig_post_queue WHERE status = 'suggested'")
          ^^^^^^^^^^^^^^^^^^^^^^^^^^^^^^^^^^^^^^^^^^^^^^^^^^^^^^^^^^^^^^^^^^^^^^^^^^^^^^
  File "/Users/tommasosaggini/Sites/dig/lib/db.py", line 51, in fetchone
    conn = get_conn()
           ^^^^^^^^^^
  File "/Users/tommasosaggini/Sites/dig/lib/db.py", line 22, in get_conn
    conn = psycopg2.connect(url)
           ^^^^^^^^^^^^^^^^^^^^^
  File "/Library/Frameworks/Python.framework/Versions/3.12/lib/python3.12/site-packages/psycopg2/__init__.py", line 122, in connect
    conn = _connect(dsn, connection_factory=connection_factory, **kwasync)
           ^^^^^^^^^^^^^^^^^^^^^^^^^^^^^^^^^^^^^^^^^^^^^^^^^^^^^^^^^^^^^^^
psycopg2.OperationalError: connection to server at "localhost" (::1), port 5433 failed: Connection refused
	Is the server running on that host and accepting TCP/IP connections?
connection to server at "localhost" (127.0.0.1), port 5433 failed: Connection refused
	Is the server running on that host and accepting TCP/IP connections?

(propose failed)
--- resolve audio ---
Traceback (most recent call last):
  File "/Users/tommasosaggini/Sites/dig/pipeline/ig_audio_resolver.py", line 64, in <module>
    main()
  File "/Users/tommasosaggini/Sites/dig/pipeline/ig_audio_resolver.py", line 54, in main
    items = ig_queue.items_needing_audio(args.limit)
            ^^^^^^^^^^^^^^^^^^^^^^^^^^^^^^^^^^^^^^^^
  File "/Users/tommasosaggini/Sites/dig/lib/ig_queue.py", line 383, in items_needing_audio
    return fetchall(
           ^^^^^^^^^
  File "/Users/tommasosaggini/Sites/dig/lib/db.py", line 39, in fetchall
    conn = get_conn()
           ^^^^^^^^^^
  File "/Users/tommasosaggini/Sites/dig/lib/db.py", line 22, in get_conn
    conn = psycopg2.connect(url)
           ^^^^^^^^^^^^^^^^^^^^^
  File "/Library/Frameworks/Python.framework/Versions/3.12/lib/python3.12/site-packages/psycopg2/__init__.py", line 122, in connect
    conn = _connect(dsn, connection_factory=connection_factory, **kwasync)
           ^^^^^^^^^^^^^^^^^^^^^^^^^^^^^^^^^^^^^^^^^^^^^^^^^^^^^^^^^^^^^^^
psycopg2.OperationalError: connection to server at "localhost" (::1), port 5433 failed: Connection refused
	Is the server running on that host and accepting TCP/IP connections?
connection to server at "localhost" (127.0.0.1), port 5433 failed: Connection refused
	Is the server running on that host and accepting TCP/IP connections?

(resolve failed)
--- autoclip ---
Traceback (most recent call last):
  File "/Users/tommasosaggini/Sites/dig/pipeline/ig_autoclip.py", line 95, in <module>
    main()
  File "/Users/tommasosaggini/Sites/dig/pipeline/ig_autoclip.py", line 74, in main
    for item in ig_queue.list_queue():
                ^^^^^^^^^^^^^^^^^^^^^
  File "/Users/tommasosaggini/Sites/dig/lib/ig_queue.py", line 146, in list_queue
    return fetchall(
           ^^^^^^^^^
  File "/Users/tommasosaggini/Sites/dig/lib/db.py", line 39, in fetchall
    conn = get_conn()
           ^^^^^^^^^^
  File "/Users/tommasosaggini/Sites/dig/lib/db.py", line 22, in get_conn
    conn = psycopg2.connect(url)
           ^^^^^^^^^^^^^^^^^^^^^
  File "/Library/Frameworks/Python.framework/Versions/3.12/lib/python3.12/site-packages/psycopg2/__init__.py", line 122, in connect
    conn = _connect(dsn, connection_factory=connection_factory, **kwasync)
           ^^^^^^^^^^^^^^^^^^^^^^^^^^^^^^^^^^^^^^^^^^^^^^^^^^^^^^^^^^^^^^^
psycopg2.OperationalError: connection to server at "localhost" (::1), port 5433 failed: Connection refused
	Is the server running on that host and accepting TCP/IP connections?
connection to server at "localhost" (127.0.0.1), port 5433 failed: Connection refused
	Is the server running on that host and accepting TCP/IP connections?

(autoclip failed)
--- render ---
Traceback (most recent call last):
  File "/Users/tommasosaggini/Sites/dig/pipeline/ig_render.py", line 276, in <module>
    main()
  File "/Users/tommasosaggini/Sites/dig/pipeline/ig_render.py", line 261, in main
    items = ig_queue.items_needing_render(args.limit)
            ^^^^^^^^^^^^^^^^^^^^^^^^^^^^^^^^^^^^^^^^^
  File "/Users/tommasosaggini/Sites/dig/lib/ig_queue.py", line 396, in items_needing_render
    return fetchall(
           ^^^^^^^^^
  File "/Users/tommasosaggini/Sites/dig/lib/db.py", line 39, in fetchall
    conn = get_conn()
           ^^^^^^^^^^
  File "/Users/tommasosaggini/Sites/dig/lib/db.py", line 22, in get_conn
    conn = psycopg2.connect(url)
           ^^^^^^^^^^^^^^^^^^^^^
  File "/Library/Frameworks/Python.framework/Versions/3.12/lib/python3.12/site-packages/psycopg2/__init__.py", line 122, in connect
    conn = _connect(dsn, connection_factory=connection_factory, **kwasync)
           ^^^^^^^^^^^^^^^^^^^^^^^^^^^^^^^^^^^^^^^^^^^^^^^^^^^^^^^^^^^^^^^
psycopg2.OperationalError: connection to server at "localhost" (::1), port 5433 failed: Connection refused
	Is the server running on that host and accepting TCP/IP connections?
connection to server at "localhost" (127.0.0.1), port 5433 failed: Connection refused
	Is the server running on that host and accepting TCP/IP connections?

(render failed — ffmpeg/Pillow installed?)
--- sync media to prod ---
media synced to root@91.99.188.232:/srv/dig/app/media/ig/
--- publish ---
Traceback (most recent call last):
  File "/Users/tommasosaggini/Sites/dig/pipeline/ig_publish.py", line 144, in <module>
    main()
  File "/Users/tommasosaggini/Sites/dig/pipeline/ig_publish.py", line 134, in main
    items = ig_queue.items_due_for_publish()
            ^^^^^^^^^^^^^^^^^^^^^^^^^^^^^^^^
  File "/Users/tommasosaggini/Sites/dig/lib/ig_queue.py", line 406, in items_due_for_publish
    return fetchall(
           ^^^^^^^^^
  File "/Users/tommasosaggini/Sites/dig/lib/db.py", line 39, in fetchall
    conn = get_conn()
           ^^^^^^^^^^
  File "/Users/tommasosaggini/Sites/dig/lib/db.py", line 22, in get_conn
    conn = psycopg2.connect(url)
           ^^^^^^^^^^^^^^^^^^^^^
  File "/Library/Frameworks/Python.framework/Versions/3.12/lib/python3.12/site-packages/psycopg2/__init__.py", line 122, in connect
    conn = _connect(dsn, connection_factory=connection_factory, **kwasync)
           ^^^^^^^^^^^^^^^^^^^^^^^^^^^^^^^^^^^^^^^^^^^^^^^^^^^^^^^^^^^^^^^
psycopg2.OperationalError: connection to server at "localhost" (::1), port 5433 failed: Connection refused
	Is the server running on that host and accepting TCP/IP connections?
connection to server at "localhost" (127.0.0.1), port 5433 failed: Connection refused
	Is the server running on that host and accepting TCP/IP connections?

(publish failed)
===== IG DONE: 2026-08-01 11:44:08 =====

===== DIG IG RUN: 2026-08-01 11:46:00 =====
--- propose ---
already at target (5 suggested). Nothing to do.
--- resolve audio ---
nothing needs audio.
--- autoclip ---
picked 0 window(s).
--- render ---
nothing to render.
--- sync media to prod ---
media synced to root@91.99.188.232:/srv/dig/app/media/ig/
--- publish ---
nothing due to publish.
===== IG DONE: 2026-08-01 11:46:27 =====

===== DIG IG RUN: 2026-08-01 11:48:01 =====
--- propose ---
already at target (5 suggested). Nothing to do.
--- resolve audio ---
[download] 100% of    5.51MiB                             ERROR: Postprocessing: ffprobe and ffmpeg not found. Please install or provide the path using --ffmpeg-location
  no audio #10 (Bóng Nhỏ Giáo Đường): yt-dlp: ERROR: Postprocessing: ffprobe and ffmpeg not found. Please install or provide the path using --ffmpeg-location → needs manual upload
[download]   0.0% of    4.52MiB at  947.87KiB/s ETA 00:04[download]   0.1% of    4.52MiB at    1.53MiB/s ETA 00:02[download]   0.2% of    4.52MiB at    2.52MiB/s ETA 00:01[download]   0.3% of    4.52MiB at    3.96MiB/s ETA 00:01[download]   0.7% of    4.52MiB at    6.97MiB/s ETA 00:00[download]   1.4% of    4.52MiB at    3.97MiB/s ETA 00:01[download]   2.7% of    4.52MiB at    3.07MiB/s ETA 00:01[download]   5.5% of    4.52MiB at    5.27MiB/s ETA 00:00[download]  11.0% of    4.52MiB at    5.51MiB/s ETA 00:00[download]  22.1% of    4.52MiB at    8.54MiB/s ETA 00:00[download]  44.3% of    4.52MiB at   12.86MiB/s ETA 00:00[download]  88.5% of    4.52MiB at    1.19MiB/s ETA 00:00[download] 100.0% of    4.52MiB at    1.33MiB/s ETA 00:00[download] 100% of    4.52MiB in 00:00:03 at 1.24MiB/s                                                         ERROR: Postprocessing: ffprobe and ffmpeg not found. Please install or provide the path using --ffmpeg-location
  no audio #11 (Rainy Night in Georgia): yt-dlp: ERROR: Postprocessing: ffprobe and ffmpeg not found. Please install or provide the path using --ffmpeg-location → needs manual upload
resolved 0/2.
--- autoclip ---
  ! #7 Debut: [Errno 2] No such file or directory: 'ffmpeg'
  ! #8 fall into u: [Errno 2] No such file or directory: 'ffmpeg'
  ! #9 CALIFORNIA (the OC theme): [Errno 2] No such file or directory: 'ffmpeg'
  ! #10 Bóng Nhỏ Giáo Đường: [Errno 2] No such file or directory: 'ffmpeg'
picked 0 window(s).
--- render ---
nothing to render.
--- sync media to prod ---
media synced to root@91.99.188.232:/srv/dig/app/media/ig/
--- publish ---

===== DIG IG RUN: 2026-08-01 11:50:01 =====
--- propose ---
nothing due to publish.
===== IG DONE: 2026-08-01 11:50:03 =====
already at target (5 suggested). Nothing to do.
--- resolve audio ---
nothing needs audio.
--- autoclip ---
picked 0 window(s).
--- render ---
  FAILED #9: RuntimeError('ffmpeg not found on PATH — required for clip + mux')
  FAILED #10: RuntimeError('ffmpeg not found on PATH — required for clip + mux')
  FAILED #11: RuntimeError('ffmpeg not found on PATH — required for clip + mux')
--- sync media to prod ---
media synced to root@91.99.188.232:/srv/dig/app/media/ig/
--- publish ---
nothing due to publish.
===== IG DONE: 2026-08-01 11:51:46 =====

===== DIG IG RUN: 2026-08-01 11:52:00 =====
--- propose ---
already at target (5 suggested). Nothing to do.
--- resolve audio ---
nothing needs audio.
--- autoclip ---
picked 0 window(s).
--- render ---
nothing to render.
--- sync media to prod ---
media synced to root@91.99.188.232:/srv/dig/app/media/ig/
--- publish ---
nothing due to publish.
===== IG DONE: 2026-08-01 11:52:55 =====

===== DIG IG RUN: 2026-08-01 11:54:00 =====
--- propose ---
already at target (5 suggested). Nothing to do.
--- resolve audio ---
nothing needs audio.
--- autoclip ---
picked 0 window(s).
--- render ---
nothing to render.
--- sync media to prod ---
media synced to root@91.99.188.232:/srv/dig/app/media/ig/
--- publish ---
nothing due to publish.
===== IG DONE: 2026-08-01 11:54:26 =====

===== DIG IG RUN: 2026-08-01 11:56:00 =====
--- propose ---
already at target (5 suggested). Nothing to do.
--- resolve audio ---
nothing needs audio.
--- autoclip ---
picked 0 window(s).
--- render ---
nothing to render.
--- sync media to prod ---
media synced to root@91.99.188.232:/srv/dig/app/media/ig/
--- publish ---
nothing due to publish.
===== IG DONE: 2026-08-01 11:56:24 =====

===== DIG IG RUN: 2026-08-01 11:58:01 =====
--- propose ---
already at target (5 suggested). Nothing to do.
--- resolve audio ---
nothing needs audio.
--- autoclip ---
picked 0 window(s).
--- render ---
nothing to render.
--- sync media to prod ---
media synced to root@91.99.188.232:/srv/dig/app/media/ig/
--- publish ---
nothing due to publish.
===== IG DONE: 2026-08-01 11:58:25 =====

===== DIG IG RUN: 2026-08-01 12:00:00 =====
--- propose ---
already at target (5 suggested). Nothing to do.
--- resolve audio ---
nothing needs audio.
--- autoclip ---
picked 0 window(s).
--- render ---
nothing to render.
--- sync media to prod ---
media synced to root@91.99.188.232:/srv/dig/app/media/ig/
--- publish ---
nothing due to publish.
===== IG DONE: 2026-08-01 12:00:25 =====

===== DIG IG RUN: 2026-08-01 12:02:01 =====
--- propose ---
already at target (5 suggested). Nothing to do.
--- resolve audio ---
nothing needs audio.
--- autoclip ---
picked 0 window(s).
--- render ---
nothing to render.
--- sync media to prod ---
media synced to root@91.99.188.232:/srv/dig/app/media/ig/
--- publish ---
nothing due to publish.
===== IG DONE: 2026-08-01 12:02:24 =====

===== DIG IG RUN: 2026-08-01 12:04:00 =====
--- propose ---
already at target (5 suggested). Nothing to do.
--- resolve audio ---
nothing needs audio.
--- autoclip ---
picked 0 window(s).
--- render ---
nothing to render.
--- sync media to prod ---
media synced to root@91.99.188.232:/srv/dig/app/media/ig/
--- publish ---
nothing due to publish.
===== IG DONE: 2026-08-01 12:04:24 =====

===== DIG IG RUN: 2026-08-01 12:06:00 =====
--- propose ---
already at target (5 suggested). Nothing to do.
--- resolve audio ---
nothing needs audio.
--- autoclip ---
picked 0 window(s).
--- render ---
nothing to render.
--- sync media to prod ---
media synced to root@91.99.188.232:/srv/dig/app/media/ig/
--- publish ---
nothing due to publish.
===== IG DONE: 2026-08-01 12:06:33 =====

===== DIG IG RUN: 2026-08-01 12:08:00 =====
--- propose ---
already at target (5 suggested). Nothing to do.
--- resolve audio ---
nothing needs audio.
--- autoclip ---
picked 0 window(s).
--- render ---
nothing to render.
--- sync media to prod ---
media synced to root@91.99.188.232:/srv/dig/app/media/ig/
--- publish ---
nothing due to publish.
===== IG DONE: 2026-08-01 12:08:26 =====

===== DIG IG RUN: 2026-08-01 12:10:00 =====
--- propose ---
already at target (5 suggested). Nothing to do.
--- resolve audio ---
nothing needs audio.
--- autoclip ---
picked 0 window(s).
--- render ---
nothing to render.
--- sync media to prod ---
media synced to root@91.99.188.232:/srv/dig/app/media/ig/
--- publish ---
nothing due to publish.
===== IG DONE: 2026-08-01 12:10:29 =====

===== DIG IG RUN: 2026-08-01 12:12:00 =====
--- propose ---
already at target (5 suggested). Nothing to do.
--- resolve audio ---
nothing needs audio.
--- autoclip ---
picked 0 window(s).
--- render ---
nothing to render.
--- sync media to prod ---
media synced to root@91.99.188.232:/srv/dig/app/media/ig/
--- publish ---
nothing due to publish.
===== IG DONE: 2026-08-01 12:12:29 =====

===== DIG IG RUN: 2026-08-01 12:14:00 =====
--- propose ---
already at target (5 suggested). Nothing to do.
--- resolve audio ---
nothing needs audio.
--- autoclip ---
picked 0 window(s).
--- render ---
nothing to render.
--- sync media to prod ---
media synced to root@91.99.188.232:/srv/dig/app/media/ig/
--- publish ---
nothing due to publish.
===== IG DONE: 2026-08-01 12:14:25 =====

===== DIG IG RUN: 2026-08-01 12:16:00 =====
--- propose ---
already at target (5 suggested). Nothing to do.
--- resolve audio ---
nothing needs audio.
--- autoclip ---
picked 0 window(s).
--- render ---
nothing to render.
--- sync media to prod ---
media synced to root@91.99.188.232:/srv/dig/app/media/ig/
--- publish ---
nothing due to publish.
===== IG DONE: 2026-08-01 12:16:38 =====

===== DIG IG RUN: 2026-08-01 12:18:00 =====
--- propose ---
already at target (5 suggested). Nothing to do.
--- resolve audio ---
nothing needs audio.
--- autoclip ---
picked 0 window(s).
--- render ---
nothing to render.
--- sync media to prod ---
media synced to root@91.99.188.232:/srv/dig/app/media/ig/
--- publish ---
nothing due to publish.
===== IG DONE: 2026-08-01 12:18:38 =====

===== DIG IG RUN: 2026-08-01 12:20:01 =====
--- propose ---
already at target (5 suggested). Nothing to do.
--- resolve audio ---
nothing needs audio.
--- autoclip ---
picked 0 window(s).
--- render ---
nothing to render.
--- sync media to prod ---
media synced to root@91.99.188.232:/srv/dig/app/media/ig/
--- publish ---
nothing due to publish.
===== IG DONE: 2026-08-01 12:20:29 =====

===== DIG IG RUN: 2026-08-01 12:22:00 =====
--- propose ---
already at target (5 suggested). Nothing to do.
--- resolve audio ---
nothing needs audio.
--- autoclip ---
picked 0 window(s).
--- render ---
nothing to render.
--- sync media to prod ---
media synced to root@91.99.188.232:/srv/dig/app/media/ig/
--- publish ---
nothing due to publish.
===== IG DONE: 2026-08-01 12:22:26 =====

===== DIG IG RUN: 2026-08-01 12:24:00 =====
--- propose ---
already at target (5 suggested). Nothing to do.
--- resolve audio ---
nothing needs audio.
--- autoclip ---
picked 0 window(s).
--- render ---
nothing to render.
--- sync media to prod ---
media synced to root@91.99.188.232:/srv/dig/app/media/ig/
--- publish ---
nothing due to publish.
===== IG DONE: 2026-08-01 12:24:25 =====

===== DIG IG RUN: 2026-08-01 12:26:00 =====
--- propose ---
already at target (5 suggested). Nothing to do.
--- resolve audio ---
nothing needs audio.
--- autoclip ---
picked 0 window(s).
--- render ---
nothing to render.
--- sync media to prod ---
media synced to root@91.99.188.232:/srv/dig/app/media/ig/
--- publish ---
nothing due to publish.
===== IG DONE: 2026-08-01 12:26:23 =====

===== DIG IG RUN: 2026-08-01 12:28:01 =====
--- propose ---
already at target (5 suggested). Nothing to do.
--- resolve audio ---
nothing needs audio.
--- autoclip ---
picked 0 window(s).
--- render ---
nothing to render.
--- sync media to prod ---
media synced to root@91.99.188.232:/srv/dig/app/media/ig/
--- publish ---
nothing due to publish.
===== IG DONE: 2026-08-01 12:28:25 =====

===== DIG IG RUN: 2026-08-01 12:30:00 =====
--- propose ---
already at target (5 suggested). Nothing to do.
--- resolve audio ---
nothing needs audio.
--- autoclip ---
picked 0 window(s).
--- render ---
nothing to render.
--- sync media to prod ---
media synced to root@91.99.188.232:/srv/dig/app/media/ig/
--- publish ---
nothing due to publish.
===== IG DONE: 2026-08-01 12:30:24 =====

===== DIG IG RUN: 2026-08-01 12:32:00 =====
--- propose ---
already at target (5 suggested). Nothing to do.
--- resolve audio ---
nothing needs audio.
--- autoclip ---
picked 0 window(s).
--- render ---
nothing to render.
--- sync media to prod ---
media synced to root@91.99.188.232:/srv/dig/app/media/ig/
--- publish ---
nothing due to publish.
===== IG DONE: 2026-08-01 12:32:26 =====

===== DIG IG RUN: 2026-08-01 12:34:00 =====
--- propose ---
already at target (5 suggested). Nothing to do.
--- resolve audio ---
nothing needs audio.
--- autoclip ---
picked 0 window(s).
--- render ---
nothing to render.
--- sync media to prod ---
media synced to root@91.99.188.232:/srv/dig/app/media/ig/
--- publish ---
nothing due to publish.
===== IG DONE: 2026-08-01 12:34:25 =====

===== DIG IG RUN: 2026-08-01 12:36:00 =====
--- propose ---
already at target (5 suggested). Nothing to do.
--- resolve audio ---
nothing needs audio.
--- autoclip ---
picked 0 window(s).
--- render ---
nothing to render.
--- sync media to prod ---
media synced to root@91.99.188.232:/srv/dig/app/media/ig/
--- publish ---
nothing due to publish.
===== IG DONE: 2026-08-01 12:36:24 =====

===== DIG IG RUN: 2026-08-01 12:38:00 =====
--- propose ---
already at target (5 suggested). Nothing to do.
--- resolve audio ---
nothing needs audio.
--- autoclip ---
picked 0 window(s).
--- render ---
nothing to render.
--- sync media to prod ---
media synced to root@91.99.188.232:/srv/dig/app/media/ig/
--- publish ---
nothing due to publish.
===== IG DONE: 2026-08-01 12:38:24 =====

===== DIG IG RUN: 2026-08-01 12:40:00 =====
--- propose ---
already at target (5 suggested). Nothing to do.
--- resolve audio ---
nothing needs audio.
--- autoclip ---
picked 0 window(s).
--- render ---
nothing to render.
--- sync media to prod ---
media synced to root@91.99.188.232:/srv/dig/app/media/ig/
--- publish ---
nothing due to publish.
===== IG DONE: 2026-08-01 12:40:22 =====

===== DIG IG RUN: 2026-08-01 12:42:00 =====
--- propose ---
already at target (5 suggested). Nothing to do.
--- resolve audio ---
nothing needs audio.
--- autoclip ---
picked 0 window(s).
--- render ---
nothing to render.
--- sync media to prod ---
media synced to root@91.99.188.232:/srv/dig/app/media/ig/
--- publish ---
nothing due to publish.
===== IG DONE: 2026-08-01 12:42:23 =====

===== DIG IG RUN: 2026-08-01 12:44:00 =====
--- propose ---
already at target (5 suggested). Nothing to do.
--- resolve audio ---
nothing needs audio.
--- autoclip ---
picked 0 window(s).
--- render ---
nothing to render.
--- sync media to prod ---
media synced to root@91.99.188.232:/srv/dig/app/media/ig/
--- publish ---
nothing due to publish.
===== IG DONE: 2026-08-01 12:44:24 =====

===== DIG IG RUN: 2026-08-01 12:46:00 =====
--- propose ---
already at target (5 suggested). Nothing to do.
--- resolve audio ---
nothing needs audio.
--- autoclip ---
picked 0 window(s).
--- render ---
nothing to render.
--- sync media to prod ---
media synced to root@91.99.188.232:/srv/dig/app/media/ig/
--- publish ---
nothing due to publish.
===== IG DONE: 2026-08-01 12:46:23 =====

===== DIG IG RUN: 2026-08-01 12:48:00 =====
--- propose ---
already at target (5 suggested). Nothing to do.
--- resolve audio ---
nothing needs audio.
--- autoclip ---
picked 0 window(s).
--- render ---
nothing to render.
--- sync media to prod ---
media synced to root@91.99.188.232:/srv/dig/app/media/ig/
--- publish ---
nothing due to publish.
===== IG DONE: 2026-08-01 12:48:26 =====

===== DIG IG RUN: 2026-08-01 12:50:00 =====
--- propose ---
already at target (5 suggested). Nothing to do.
--- resolve audio ---
nothing needs audio.
--- autoclip ---
picked 0 window(s).
--- render ---
nothing to render.
--- sync media to prod ---
media synced to root@91.99.188.232:/srv/dig/app/media/ig/
--- publish ---
nothing due to publish.
===== IG DONE: 2026-08-01 12:50:22 =====

===== DIG IG RUN: 2026-08-01 12:52:00 =====
--- propose ---
already at target (5 suggested). Nothing to do.
--- resolve audio ---
nothing needs audio.
--- autoclip ---
picked 0 window(s).
--- render ---
nothing to render.
--- sync media to prod ---
media synced to root@91.99.188.232:/srv/dig/app/media/ig/
--- publish ---
nothing due to publish.
===== IG DONE: 2026-08-01 12:52:23 =====

===== DIG IG RUN: 2026-08-01 12:54:01 =====
--- propose ---
already at target (5 suggested). Nothing to do.
--- resolve audio ---
nothing needs audio.
--- autoclip ---
picked 0 window(s).
--- render ---
nothing to render.
--- sync media to prod ---
media synced to root@91.99.188.232:/srv/dig/app/media/ig/
--- publish ---
nothing due to publish.
===== IG DONE: 2026-08-01 12:54:24 =====

===== DIG IG RUN: 2026-08-01 12:56:00 =====
--- propose ---
already at target (5 suggested). Nothing to do.
--- resolve audio ---
nothing needs audio.
--- autoclip ---
picked 0 window(s).
--- render ---
nothing to render.
--- sync media to prod ---
media synced to root@91.99.188.232:/srv/dig/app/media/ig/
--- publish ---
nothing due to publish.
===== IG DONE: 2026-08-01 12:56:25 =====

===== DIG IG RUN: 2026-08-01 12:58:00 =====
--- propose ---
already at target (5 suggested). Nothing to do.
--- resolve audio ---
nothing needs audio.
--- autoclip ---
picked 0 window(s).
--- render ---
nothing to render.
--- sync media to prod ---
media synced to root@91.99.188.232:/srv/dig/app/media/ig/
--- publish ---
nothing due to publish.
===== IG DONE: 2026-08-01 12:58:24 =====

===== DIG IG RUN: 2026-08-01 13:00:01 =====
--- propose ---
already at target (5 suggested). Nothing to do.
--- resolve audio ---
nothing needs audio.
--- autoclip ---
picked 0 window(s).
--- render ---
nothing to render.
--- sync media to prod ---
media synced to root@91.99.188.232:/srv/dig/app/media/ig/
--- publish ---
nothing due to publish.
===== IG DONE: 2026-08-01 13:00:28 =====

===== DIG IG RUN: 2026-08-01 13:02:00 =====
--- propose ---
already at target (5 suggested). Nothing to do.
--- resolve audio ---
nothing needs audio.
--- autoclip ---
picked 0 window(s).
--- render ---
nothing to render.
--- sync media to prod ---
media synced to root@91.99.188.232:/srv/dig/app/media/ig/
--- publish ---
nothing due to publish.
===== IG DONE: 2026-08-01 13:02:27 =====

===== DIG IG RUN: 2026-08-01 13:04:00 =====
--- propose ---
already at target (5 suggested). Nothing to do.
--- resolve audio ---
nothing needs audio.
--- autoclip ---
picked 0 window(s).
--- render ---
nothing to render.
--- sync media to prod ---
media synced to root@91.99.188.232:/srv/dig/app/media/ig/
--- publish ---
nothing due to publish.
===== IG DONE: 2026-08-01 13:04:27 =====

===== DIG IG RUN: 2026-08-01 13:06:00 =====
--- propose ---
already at target (5 suggested). Nothing to do.
--- resolve audio ---
nothing needs audio.
--- autoclip ---
picked 0 window(s).
--- render ---
nothing to render.
--- sync media to prod ---
media synced to root@91.99.188.232:/srv/dig/app/media/ig/
--- publish ---
nothing due to publish.
===== IG DONE: 2026-08-01 13:06:26 =====

===== DIG IG RUN: 2026-08-01 13:08:00 =====
--- propose ---
already at target (5 suggested). Nothing to do.
--- resolve audio ---
nothing needs audio.
--- autoclip ---
picked 0 window(s).
--- render ---
nothing to render.
--- sync media to prod ---
media synced to root@91.99.188.232:/srv/dig/app/media/ig/
--- publish ---
nothing due to publish.
===== IG DONE: 2026-08-01 13:08:29 =====

===== DIG IG RUN: 2026-08-01 13:10:00 =====
--- propose ---
already at target (5 suggested). Nothing to do.
--- resolve audio ---
nothing needs audio.
--- autoclip ---
picked 0 window(s).
--- render ---
nothing to render.
--- sync media to prod ---
media synced to root@91.99.188.232:/srv/dig/app/media/ig/
--- publish ---
nothing due to publish.
===== IG DONE: 2026-08-01 13:10:29 =====

===== DIG IG RUN: 2026-08-01 13:12:00 =====
--- propose ---
already at target (5 suggested). Nothing to do.
--- resolve audio ---
nothing needs audio.
--- autoclip ---
picked 0 window(s).
--- render ---
nothing to render.
--- sync media to prod ---
media synced to root@91.99.188.232:/srv/dig/app/media/ig/
--- publish ---
nothing due to publish.
===== IG DONE: 2026-08-01 13:12:26 =====

===== DIG IG RUN: 2026-08-01 13:14:00 =====
--- propose ---
already at target (5 suggested). Nothing to do.
--- resolve audio ---
nothing needs audio.
--- autoclip ---
picked 0 window(s).
--- render ---
nothing to render.
--- sync media to prod ---
media synced to root@91.99.188.232:/srv/dig/app/media/ig/
--- publish ---
nothing due to publish.
===== IG DONE: 2026-08-01 13:14:35 =====

===== DIG IG RUN: 2026-08-01 13:16:00 =====
--- propose ---
already at target (5 suggested). Nothing to do.
--- resolve audio ---
nothing needs audio.
--- autoclip ---
picked 0 window(s).
--- render ---
nothing to render.
--- sync media to prod ---
media synced to root@91.99.188.232:/srv/dig/app/media/ig/
--- publish ---
nothing due to publish.
===== IG DONE: 2026-08-01 13:16:27 =====

===== DIG IG RUN: 2026-08-01 13:18:00 =====
--- propose ---
already at target (5 suggested). Nothing to do.
--- resolve audio ---
nothing needs audio.
--- autoclip ---
picked 0 window(s).
--- render ---
nothing to render.
--- sync media to prod ---
media synced to root@91.99.188.232:/srv/dig/app/media/ig/
--- publish ---
nothing due to publish.
===== IG DONE: 2026-08-01 13:18:27 =====

===== DIG IG RUN: 2026-08-01 13:20:01 =====
--- propose ---
already at target (5 suggested). Nothing to do.
--- resolve audio ---
nothing needs audio.
--- autoclip ---
picked 0 window(s).
--- render ---
nothing to render.
--- sync media to prod ---
media synced to root@91.99.188.232:/srv/dig/app/media/ig/
--- publish ---
nothing due to publish.
===== IG DONE: 2026-08-01 13:20:27 =====

===== DIG IG RUN: 2026-08-01 13:22:01 =====
--- propose ---
already at target (5 suggested). Nothing to do.
--- resolve audio ---
nothing needs audio.
--- autoclip ---
picked 0 window(s).
--- render ---
nothing to render.
--- sync media to prod ---
media synced to root@91.99.188.232:/srv/dig/app/media/ig/
--- publish ---
nothing due to publish.
===== IG DONE: 2026-08-01 13:22:27 =====

===== DIG IG RUN: 2026-08-01 13:24:00 =====
--- propose ---
already at target (5 suggested). Nothing to do.
--- resolve audio ---
nothing needs audio.
--- autoclip ---
picked 0 window(s).
--- render ---
nothing to render.
--- sync media to prod ---
media synced to root@91.99.188.232:/srv/dig/app/media/ig/
--- publish ---
nothing due to publish.
===== IG DONE: 2026-08-01 13:24:37 =====

===== DIG IG RUN: 2026-08-01 13:26:00 =====
--- propose ---
already at target (5 suggested). Nothing to do.
--- resolve audio ---
nothing needs audio.
--- autoclip ---
picked 0 window(s).
--- render ---
nothing to render.
--- sync media to prod ---
media synced to root@91.99.188.232:/srv/dig/app/media/ig/
--- publish ---
nothing due to publish.
===== IG DONE: 2026-08-01 13:26:24 =====

===== DIG IG RUN: 2026-08-01 13:28:00 =====
--- propose ---
already at target (5 suggested). Nothing to do.
--- resolve audio ---
nothing needs audio.
--- autoclip ---
picked 0 window(s).
--- render ---
nothing to render.
--- sync media to prod ---
media synced to root@91.99.188.232:/srv/dig/app/media/ig/
--- publish ---
nothing due to publish.
===== IG DONE: 2026-08-01 13:28:24 =====

===== DIG IG RUN: 2026-08-01 13:30:00 =====
--- propose ---
already at target (5 suggested). Nothing to do.
--- resolve audio ---
nothing needs audio.
--- autoclip ---
picked 0 window(s).
--- render ---
nothing to render.
--- sync media to prod ---
media synced to root@91.99.188.232:/srv/dig/app/media/ig/
--- publish ---
nothing due to publish.
===== IG DONE: 2026-08-01 13:30:27 =====

===== DIG IG RUN: 2026-08-01 13:32:01 =====
--- propose ---
already at target (5 suggested). Nothing to do.
--- resolve audio ---
nothing needs audio.
--- autoclip ---
picked 0 window(s).
--- render ---
nothing to render.
--- sync media to prod ---
media synced to root@91.99.188.232:/srv/dig/app/media/ig/
--- publish ---
nothing due to publish.
===== IG DONE: 2026-08-01 13:32:24 =====

===== DIG IG RUN: 2026-08-01 13:34:00 =====
--- propose ---
already at target (5 suggested). Nothing to do.
--- resolve audio ---
nothing needs audio.
--- autoclip ---
picked 0 window(s).
--- render ---
nothing to render.
--- sync media to prod ---
media synced to root@91.99.188.232:/srv/dig/app/media/ig/
--- publish ---
nothing due to publish.
===== IG DONE: 2026-08-01 13:34:25 =====

===== DIG IG RUN: 2026-08-01 13:36:00 =====
--- propose ---
already at target (5 suggested). Nothing to do.
--- resolve audio ---
nothing needs audio.
--- autoclip ---
picked 0 window(s).
--- render ---
nothing to render.
--- sync media to prod ---
media synced to root@91.99.188.232:/srv/dig/app/media/ig/
--- publish ---
nothing due to publish.
===== IG DONE: 2026-08-01 13:36:24 =====

===== DIG IG RUN: 2026-08-01 13:38:00 =====
--- propose ---
already at target (5 suggested). Nothing to do.
--- resolve audio ---
nothing needs audio.
--- autoclip ---
picked 0 window(s).
--- render ---
nothing to render.
--- sync media to prod ---
media synced to root@91.99.188.232:/srv/dig/app/media/ig/
--- publish ---
nothing due to publish.
===== IG DONE: 2026-08-01 13:38:26 =====

===== DIG IG RUN: 2026-08-01 13:40:00 =====
--- propose ---
already at target (5 suggested). Nothing to do.
--- resolve audio ---
nothing needs audio.
--- autoclip ---
picked 0 window(s).
--- render ---
nothing to render.
--- sync media to prod ---
media synced to root@91.99.188.232:/srv/dig/app/media/ig/
--- publish ---
nothing due to publish.
===== IG DONE: 2026-08-01 13:40:23 =====

===== DIG IG RUN: 2026-08-01 13:42:00 =====
--- propose ---
already at target (5 suggested). Nothing to do.
--- resolve audio ---
nothing needs audio.
--- autoclip ---
picked 0 window(s).
--- render ---
nothing to render.
--- sync media to prod ---
media synced to root@91.99.188.232:/srv/dig/app/media/ig/
--- publish ---
nothing due to publish.
===== IG DONE: 2026-08-01 13:42:24 =====

===== DIG IG RUN: 2026-08-01 13:44:00 =====
--- propose ---
already at target (5 suggested). Nothing to do.
--- resolve audio ---
nothing needs audio.
--- autoclip ---
picked 0 window(s).
--- render ---
nothing to render.
--- sync media to prod ---
media synced to root@91.99.188.232:/srv/dig/app/media/ig/
--- publish ---
nothing due to publish.
===== IG DONE: 2026-08-01 13:44:25 =====

===== DIG IG RUN: 2026-08-01 13:46:00 =====
--- propose ---
already at target (5 suggested). Nothing to do.
--- resolve audio ---
nothing needs audio.
--- autoclip ---
picked 0 window(s).
--- render ---
nothing to render.
--- sync media to prod ---
media synced to root@91.99.188.232:/srv/dig/app/media/ig/
--- publish ---
nothing due to publish.
===== IG DONE: 2026-08-01 13:46:26 =====

===== DIG IG RUN: 2026-08-01 13:48:00 =====
--- propose ---
already at target (5 suggested). Nothing to do.
--- resolve audio ---
nothing needs audio.
--- autoclip ---
picked 0 window(s).
--- render ---
nothing to render.
--- sync media to prod ---
media synced to root@91.99.188.232:/srv/dig/app/media/ig/
--- publish ---
nothing due to publish.
===== IG DONE: 2026-08-01 13:48:26 =====

===== DIG IG RUN: 2026-08-01 13:50:00 =====
--- propose ---
already at target (5 suggested). Nothing to do.
--- resolve audio ---
nothing needs audio.
--- autoclip ---
picked 0 window(s).
--- render ---
nothing to render.
--- sync media to prod ---
media synced to root@91.99.188.232:/srv/dig/app/media/ig/
--- publish ---
nothing due to publish.
===== IG DONE: 2026-08-01 13:50:28 =====

===== DIG IG RUN: 2026-08-01 13:52:00 =====
--- propose ---
already at target (5 suggested). Nothing to do.
--- resolve audio ---
nothing needs audio.
--- autoclip ---
picked 0 window(s).
--- render ---
nothing to render.
--- sync media to prod ---
media synced to root@91.99.188.232:/srv/dig/app/media/ig/
--- publish ---
nothing due to publish.
===== IG DONE: 2026-08-01 13:52:31 =====

===== DIG IG RUN: 2026-08-01 13:54:01 =====
--- propose ---
already at target (5 suggested). Nothing to do.
--- resolve audio ---
nothing needs audio.
--- autoclip ---
picked 0 window(s).
--- render ---
nothing to render.
--- sync media to prod ---
media synced to root@91.99.188.232:/srv/dig/app/media/ig/
--- publish ---
nothing due to publish.
===== IG DONE: 2026-08-01 13:54:26 =====

===== DIG IG RUN: 2026-08-01 13:56:00 =====
--- propose ---
already at target (5 suggested). Nothing to do.
--- resolve audio ---
nothing needs audio.
--- autoclip ---
picked 0 window(s).
--- render ---
nothing to render.
--- sync media to prod ---
media synced to root@91.99.188.232:/srv/dig/app/media/ig/
--- publish ---
nothing due to publish.
===== IG DONE: 2026-08-01 13:56:27 =====

===== DIG IG RUN: 2026-08-01 13:58:00 =====
--- propose ---
already at target (5 suggested). Nothing to do.
--- resolve audio ---
nothing needs audio.
--- autoclip ---
picked 0 window(s).
--- render ---
nothing to render.
--- sync media to prod ---
media synced to root@91.99.188.232:/srv/dig/app/media/ig/
--- publish ---
nothing due to publish.
===== IG DONE: 2026-08-01 13:58:24 =====

===== DIG IG RUN: 2026-08-01 14:00:01 =====
--- propose ---
already at target (5 suggested). Nothing to do.
--- resolve audio ---
nothing needs audio.
--- autoclip ---
picked 0 window(s).
--- render ---
nothing to render.
--- sync media to prod ---
media synced to root@91.99.188.232:/srv/dig/app/media/ig/
--- publish ---
nothing due to publish.
===== IG DONE: 2026-08-01 14:00:40 =====

===== DIG IG RUN: 2026-08-01 14:02:00 =====
--- propose ---
already at target (5 suggested). Nothing to do.
--- resolve audio ---
nothing needs audio.
--- autoclip ---
picked 0 window(s).
--- render ---
nothing to render.
--- sync media to prod ---
media synced to root@91.99.188.232:/srv/dig/app/media/ig/
--- publish ---
nothing due to publish.
===== IG DONE: 2026-08-01 14:02:38 =====

===== DIG IG RUN: 2026-08-01 14:04:00 =====
--- propose ---
already at target (5 suggested). Nothing to do.
--- resolve audio ---
nothing needs audio.
--- autoclip ---
picked 0 window(s).
--- render ---
nothing to render.
--- sync media to prod ---
media synced to root@91.99.188.232:/srv/dig/app/media/ig/
--- publish ---
nothing due to publish.
===== IG DONE: 2026-08-01 14:04:38 =====

===== DIG IG RUN: 2026-08-01 14:06:00 =====
--- propose ---
already at target (5 suggested). Nothing to do.
--- resolve audio ---
nothing needs audio.
--- autoclip ---
picked 0 window(s).
--- render ---
nothing to render.
--- sync media to prod ---
media synced to root@91.99.188.232:/srv/dig/app/media/ig/
--- publish ---
nothing due to publish.
===== IG DONE: 2026-08-01 14:06:40 =====

===== DIG IG RUN: 2026-08-01 14:08:00 =====
--- propose ---
already at target (5 suggested). Nothing to do.
--- resolve audio ---
nothing needs audio.
--- autoclip ---
picked 0 window(s).
--- render ---
nothing to render.
--- sync media to prod ---
media synced to root@91.99.188.232:/srv/dig/app/media/ig/
--- publish ---
nothing due to publish.
===== IG DONE: 2026-08-01 14:08:46 =====

===== DIG IG RUN: 2026-08-01 14:10:00 =====
--- propose ---
already at target (5 suggested). Nothing to do.
--- resolve audio ---
nothing needs audio.
--- autoclip ---
picked 0 window(s).
--- render ---
nothing to render.
--- sync media to prod ---
media synced to root@91.99.188.232:/srv/dig/app/media/ig/
--- publish ---
nothing due to publish.
===== IG DONE: 2026-08-01 14:10:40 =====

===== DIG IG RUN: 2026-08-01 14:12:00 =====
--- propose ---
already at target (5 suggested). Nothing to do.
--- resolve audio ---
nothing needs audio.
--- autoclip ---
picked 0 window(s).
--- render ---
nothing to render.
--- sync media to prod ---
media synced to root@91.99.188.232:/srv/dig/app/media/ig/
--- publish ---
nothing due to publish.
===== IG DONE: 2026-08-01 14:12:38 =====

===== DIG IG RUN: 2026-08-01 14:14:00 =====
--- propose ---
already at target (5 suggested). Nothing to do.
--- resolve audio ---
nothing needs audio.
--- autoclip ---
picked 0 window(s).
--- render ---
nothing to render.
--- sync media to prod ---
media synced to root@91.99.188.232:/srv/dig/app/media/ig/
--- publish ---
nothing due to publish.
===== IG DONE: 2026-08-01 14:14:43 =====

===== DIG IG RUN: 2026-08-01 14:16:00 =====
--- propose ---
already at target (5 suggested). Nothing to do.
--- resolve audio ---
nothing needs audio.
--- autoclip ---
picked 0 window(s).
--- render ---
nothing to render.
--- sync media to prod ---
media synced to root@91.99.188.232:/srv/dig/app/media/ig/
--- publish ---
nothing due to publish.
===== IG DONE: 2026-08-01 14:16:41 =====

===== DIG IG RUN: 2026-08-01 14:18:00 =====
--- propose ---
already at target (5 suggested). Nothing to do.
--- resolve audio ---
nothing needs audio.
--- autoclip ---
picked 0 window(s).
--- render ---
nothing to render.
--- sync media to prod ---
media synced to root@91.99.188.232:/srv/dig/app/media/ig/
--- publish ---
nothing due to publish.
===== IG DONE: 2026-08-01 14:18:41 =====

===== DIG IG RUN: 2026-08-01 14:20:00 =====
--- propose ---
already at target (5 suggested). Nothing to do.
--- resolve audio ---
nothing needs audio.
--- autoclip ---
picked 0 window(s).
--- render ---
nothing to render.
--- sync media to prod ---
media synced to root@91.99.188.232:/srv/dig/app/media/ig/
--- publish ---
nothing due to publish.
===== IG DONE: 2026-08-01 14:20:54 =====

===== DIG IG RUN: 2026-08-01 14:22:01 =====
--- propose ---
already at target (5 suggested). Nothing to do.
--- resolve audio ---
nothing needs audio.
--- autoclip ---
picked 0 window(s).
--- render ---
nothing to render.
--- sync media to prod ---
media synced to root@91.99.188.232:/srv/dig/app/media/ig/
--- publish ---
nothing due to publish.
===== IG DONE: 2026-08-01 14:22:26 =====

===== DIG IG RUN: 2026-08-01 14:24:00 =====
--- propose ---
already at target (5 suggested). Nothing to do.
--- resolve audio ---
nothing needs audio.
--- autoclip ---
picked 0 window(s).
--- render ---
nothing to render.
--- sync media to prod ---
media synced to root@91.99.188.232:/srv/dig/app/media/ig/
--- publish ---
nothing due to publish.
===== IG DONE: 2026-08-01 14:24:29 =====

===== DIG IG RUN: 2026-08-01 14:26:01 =====
--- propose ---
already at target (5 suggested). Nothing to do.
--- resolve audio ---
nothing needs audio.
--- autoclip ---
picked 0 window(s).
--- render ---
nothing to render.
--- sync media to prod ---
media synced to root@91.99.188.232:/srv/dig/app/media/ig/
--- publish ---
nothing due to publish.
===== IG DONE: 2026-08-01 14:26:38 =====

===== DIG IG RUN: 2026-08-01 14:28:00 =====
--- propose ---
already at target (5 suggested). Nothing to do.
--- resolve audio ---
nothing needs audio.
--- autoclip ---
picked 0 window(s).
--- render ---
nothing to render.
--- sync media to prod ---
media synced to root@91.99.188.232:/srv/dig/app/media/ig/
--- publish ---
nothing due to publish.
===== IG DONE: 2026-08-01 14:28:27 =====

===== DIG IG RUN: 2026-08-01 14:30:01 =====
--- propose ---
already at target (5 suggested). Nothing to do.
--- resolve audio ---
nothing needs audio.
--- autoclip ---
picked 0 window(s).
--- render ---
nothing to render.
--- sync media to prod ---
media synced to root@91.99.188.232:/srv/dig/app/media/ig/
--- publish ---
nothing due to publish.
===== IG DONE: 2026-08-01 14:30:26 =====

===== DIG IG RUN: 2026-08-01 14:32:00 =====
--- propose ---
already at target (5 suggested). Nothing to do.
--- resolve audio ---
nothing needs audio.
--- autoclip ---
picked 0 window(s).
--- render ---
nothing to render.
--- sync media to prod ---
media synced to root@91.99.188.232:/srv/dig/app/media/ig/
--- publish ---
nothing due to publish.
===== IG DONE: 2026-08-01 14:32:32 =====

===== DIG IG RUN: 2026-08-01 14:34:00 =====
--- propose ---
already at target (5 suggested). Nothing to do.
--- resolve audio ---
nothing needs audio.
--- autoclip ---
picked 0 window(s).
--- render ---
nothing to render.
--- sync media to prod ---
media synced to root@91.99.188.232:/srv/dig/app/media/ig/
--- publish ---
nothing due to publish.
===== IG DONE: 2026-08-01 14:34:24 =====

===== DIG IG RUN: 2026-08-01 14:36:01 =====
--- propose ---
already at target (5 suggested). Nothing to do.
--- resolve audio ---
nothing needs audio.
--- autoclip ---
picked 0 window(s).
--- render ---
  FAILED #1: RuntimeError('ffmpeg not found on PATH — required for clip + mux')
  FAILED #2: RuntimeError('ffmpeg not found on PATH — required for clip + mux')
  FAILED #3: RuntimeError('ffmpeg not found on PATH — required for clip + mux')
--- sync media to prod ---
media synced to root@91.99.188.232:/srv/dig/app/media/ig/
--- publish ---
nothing due to publish.
===== IG DONE: 2026-08-01 14:37:16 =====

===== DIG IG RUN: 2026-08-01 14:38:00 =====
--- propose ---
already at target (5 suggested). Nothing to do.
--- resolve audio ---
nothing needs audio.
--- autoclip ---
picked 0 window(s).
--- render ---
  FAILED #4: RuntimeError('ffmpeg not found on PATH — required for clip + mux')
  FAILED #1: RuntimeError('ffmpeg not found on PATH — required for clip + mux')
  FAILED #2: RuntimeError('ffmpeg not found on PATH — required for clip + mux')
  FAILED #5: RuntimeError('ffmpeg not found on PATH — required for clip + mux')
  FAILED #3: RuntimeError('ffmpeg not found on PATH — required for clip + mux')
  FAILED #6: RuntimeError('ffmpeg not found on PATH — required for clip + mux')
  FAILED #7: RuntimeError('ffmpeg not found on PATH — required for clip + mux')
  FAILED #8: RuntimeError('ffmpeg not found on PATH — required for clip + mux')

===== DIG IG RUN: 2026-08-01 14:40:00 =====
--- propose ---
already at target (5 suggested). Nothing to do.
--- resolve audio ---
  FAILED #9: RuntimeError('ffmpeg not found on PATH — required for clip + mux')
nothing needs audio.
--- autoclip ---
picked 0 window(s).
--- render ---
  FAILED #10: RuntimeError('ffmpeg not found on PATH — required for clip + mux')
  FAILED #11: RuntimeError('ffmpeg not found on PATH — required for clip + mux')
--- sync media to prod ---
  FAILED #1: RuntimeError('ffmpeg not found on PATH — required for clip + mux')
media synced to root@91.99.188.232:/srv/dig/app/media/ig/
--- publish ---
nothing due to publish.
===== IG DONE: 2026-08-01 14:40:49 =====
  FAILED #2: RuntimeError('ffmpeg not found on PATH — required for clip + mux')
  FAILED #6: RuntimeError('ffmpeg not found on PATH — required for clip + mux')
  FAILED #3: RuntimeError('ffmpeg not found on PATH — required for clip + mux')
  FAILED #7: RuntimeError('ffmpeg not found on PATH — required for clip + mux')
  FAILED #4: RuntimeError('ffmpeg not found on PATH — required for clip + mux')
  FAILED #5: RuntimeError('ffmpeg not found on PATH — required for clip + mux')

===== DIG IG RUN: 2026-08-01 14:42:00 =====
--- propose ---
already at target (5 suggested). Nothing to do.
--- resolve audio ---
  FAILED #11: RuntimeError('ffmpeg not found on PATH — required for clip + mux')
nothing needs audio.
--- autoclip ---
picked 0 window(s).
--- render ---
  FAILED #8: RuntimeError('ffmpeg not found on PATH — required for clip + mux')
  FAILED #9: RuntimeError('ffmpeg not found on PATH — required for clip + mux')
  FAILED #1: RuntimeError('ffmpeg not found on PATH — required for clip + mux')
  FAILED #10: RuntimeError('ffmpeg not found on PATH — required for clip + mux')
--- sync media to prod ---
  FAILED #2: RuntimeError('ffmpeg not found on PATH — required for clip + mux')
media synced to root@91.99.188.232:/srv/dig/app/media/ig/
--- publish ---
nothing due to publish.
===== IG DONE: 2026-08-01 14:42:57 =====
  FAILED #6: RuntimeError('ffmpeg not found on PATH — required for clip + mux')
  FAILED #3: RuntimeError('ffmpeg not found on PATH — required for clip + mux')
  FAILED #7: RuntimeError('ffmpeg not found on PATH — required for clip + mux')
  FAILED #4: RuntimeError('ffmpeg not found on PATH — required for clip + mux')
  FAILED #5: RuntimeError('ffmpeg not found on PATH — required for clip + mux')
  FAILED #9: RuntimeError('ffmpeg not found on PATH — required for clip + mux')
  FAILED #10: RuntimeError('ffmpeg not found on PATH — required for clip + mux')

===== DIG IG RUN: 2026-08-01 14:44:00 =====
--- propose ---
already at target (5 suggested). Nothing to do.
--- resolve audio ---
  FAILED #11: RuntimeError('ffmpeg not found on PATH — required for clip + mux')
nothing needs audio.
--- autoclip ---
picked 0 window(s).
--- relabel from audio ---
  FAILED #8: RuntimeError('ffmpeg not found on PATH — required for clip + mux')
--- sync media to prod ---
nothing to re-label (use --force to redo).
--- render ---
media synced to root@91.99.188.232:/srv/dig/app/media/ig/
--- publish ---
nothing due to publish.
===== IG DONE: 2026-08-01 14:44:52 =====
  FAILED #3: RuntimeError('ffmpeg not found on PATH — required for clip + mux')
  FAILED #7: RuntimeError('ffmpeg not found on PATH — required for clip + mux')
  FAILED #4: RuntimeError('ffmpeg not found on PATH — required for clip + mux')
  FAILED #5: RuntimeError('ffmpeg not found on PATH — required for clip + mux')
  FAILED #9: RuntimeError('ffmpeg not found on PATH — required for clip + mux')
  FAILED #10: RuntimeError('ffmpeg not found on PATH — required for clip + mux')
  FAILED #11: RuntimeError('ffmpeg not found on PATH — required for clip + mux')

===== DIG IG RUN: 2026-08-01 14:46:01 =====
--- propose ---
  FAILED #8: RuntimeError('ffmpeg not found on PATH — required for clip + mux')
--- sync media to prod ---
already at target (5 suggested). Nothing to do.
--- resolve audio ---
nothing needs audio.
--- autoclip ---
picked 0 window(s).
--- relabel from audio ---
nothing to re-label (use --force to redo).
--- render ---
media synced to root@91.99.188.232:/srv/dig/app/media/ig/
--- publish ---
nothing due to publish.
===== IG DONE: 2026-08-01 14:46:50 =====
  FAILED #9: RuntimeError('ffmpeg not found on PATH — required for clip + mux')
  FAILED #10: RuntimeError('ffmpeg not found on PATH — required for clip + mux')
  FAILED #11: RuntimeError('ffmpeg not found on PATH — required for clip + mux')
  FAILED #8: RuntimeError('ffmpeg not found on PATH — required for clip + mux')
--- sync media to prod ---

===== DIG IG RUN: 2026-08-01 14:48:01 =====
--- propose ---
already at target (5 suggested). Nothing to do.
--- resolve audio ---
nothing needs audio.
--- autoclip ---
picked 0 window(s).
--- relabel from audio ---
nothing to re-label (use --force to redo).
--- render ---
media synced to root@91.99.188.232:/srv/dig/app/media/ig/
--- publish ---
nothing due to publish.
===== IG DONE: 2026-08-01 14:48:45 =====
  FAILED #10: RuntimeError('ffmpeg not found on PATH — required for clip + mux')
--- sync media to prod ---
media synced to root@91.99.188.232:/srv/dig/app/media/ig/
--- publish ---
nothing due to publish.
===== IG DONE: 2026-08-01 14:49:56 =====

===== DIG IG RUN: 2026-08-01 14:50:01 =====
--- propose ---
already at target (5 suggested). Nothing to do.
--- resolve audio ---
nothing needs audio.
--- autoclip ---
picked 0 window(s).
--- relabel from audio ---
nothing to re-label (use --force to redo).
--- render ---
nothing to render.
--- sync media to prod ---
media synced to root@91.99.188.232:/srv/dig/app/media/ig/
--- publish ---
nothing due to publish.
===== IG DONE: 2026-08-01 14:50:38 =====

===== DIG IG RUN: 2026-08-01 14:52:00 =====
--- propose ---
already at target (5 suggested). Nothing to do.
--- resolve audio ---
nothing needs audio.
--- autoclip ---
picked 0 window(s).
--- relabel from audio ---
nothing to re-label (use --force to redo).
--- render ---
nothing to render.
--- sync media to prod ---
media synced to root@91.99.188.232:/srv/dig/app/media/ig/
--- publish ---
nothing due to publish.
===== IG DONE: 2026-08-01 14:52:36 =====

===== DIG IG RUN: 2026-08-01 14:54:00 =====
--- propose ---
already at target (5 suggested). Nothing to do.
--- resolve audio ---
nothing needs audio.
--- autoclip ---
picked 0 window(s).
--- relabel from audio ---
nothing to re-label (use --force to redo).
--- render ---
nothing to render.
--- sync media to prod ---
media synced to root@91.99.188.232:/srv/dig/app/media/ig/
--- publish ---
nothing due to publish.
===== IG DONE: 2026-08-01 14:54:38 =====

===== DIG IG RUN: 2026-08-01 14:56:00 =====
--- propose ---
already at target (5 suggested). Nothing to do.
--- resolve audio ---
nothing needs audio.
--- autoclip ---
picked 0 window(s).
--- relabel from audio ---
nothing to re-label (use --force to redo).
--- render ---
nothing to render.
--- sync media to prod ---
media synced to root@91.99.188.232:/srv/dig/app/media/ig/
--- publish ---
nothing due to publish.
===== IG DONE: 2026-08-01 14:56:36 =====

===== DIG IG RUN: 2026-08-01 14:58:00 =====
--- propose ---
already at target (5 suggested). Nothing to do.
--- resolve audio ---
nothing needs audio.
--- autoclip ---
picked 0 window(s).
--- relabel from audio ---
nothing to re-label (use --force to redo).
--- render ---
nothing to render.
--- sync media to prod ---
media synced to root@91.99.188.232:/srv/dig/app/media/ig/
--- publish ---
nothing due to publish.
===== IG DONE: 2026-08-01 14:58:34 =====

===== DIG IG RUN: 2026-08-01 15:00:00 =====
--- propose ---
already at target (5 suggested). Nothing to do.
--- resolve audio ---
nothing needs audio.
--- autoclip ---
picked 0 window(s).
--- relabel from audio ---
nothing to re-label (use --force to redo).
--- render ---
nothing to render.
--- sync media to prod ---
media synced to root@91.99.188.232:/srv/dig/app/media/ig/
--- publish ---
nothing due to publish.
===== IG DONE: 2026-08-01 15:00:37 =====

===== DIG IG RUN: 2026-08-01 15:02:00 =====
--- propose ---
already at target (5 suggested). Nothing to do.
--- resolve audio ---
nothing needs audio.
--- autoclip ---
picked 0 window(s).
--- relabel from audio ---
nothing to re-label (use --force to redo).
--- render ---
nothing to render.
--- sync media to prod ---
media synced to root@91.99.188.232:/srv/dig/app/media/ig/
--- publish ---
nothing due to publish.
===== IG DONE: 2026-08-01 15:02:35 =====

===== DIG IG RUN: 2026-08-01 15:04:01 =====
--- propose ---
already at target (5 suggested). Nothing to do.
--- resolve audio ---
nothing needs audio.
--- autoclip ---
picked 0 window(s).
--- relabel from audio ---
nothing to re-label (use --force to redo).
--- render ---
nothing to render.
--- sync media to prod ---
media synced to root@91.99.188.232:/srv/dig/app/media/ig/
--- publish ---
nothing due to publish.
===== IG DONE: 2026-08-01 15:04:46 =====

===== DIG IG RUN: 2026-08-01 15:06:00 =====
--- propose ---
already at target (5 suggested). Nothing to do.
--- resolve audio ---
nothing needs audio.
--- autoclip ---
picked 0 window(s).
--- relabel from audio ---
nothing to re-label (use --force to redo).
--- render ---
nothing to render.
--- sync media to prod ---
media synced to root@91.99.188.232:/srv/dig/app/media/ig/
--- publish ---
nothing due to publish.
===== IG DONE: 2026-08-01 15:06:37 =====

===== DIG IG RUN: 2026-08-01 15:08:00 =====
--- propose ---
already at target (5 suggested). Nothing to do.
--- resolve audio ---
nothing needs audio.
--- autoclip ---
picked 0 window(s).
--- relabel from audio ---
nothing to re-label (use --force to redo).
--- render ---
nothing to render.
--- sync media to prod ---
media synced to root@91.99.188.232:/srv/dig/app/media/ig/
--- publish ---
nothing due to publish.
===== IG DONE: 2026-08-01 15:08:39 =====

===== DIG IG RUN: 2026-08-01 15:10:00 =====
--- propose ---
already at target (5 suggested). Nothing to do.
--- resolve audio ---
nothing needs audio.
--- autoclip ---
picked 0 window(s).
--- relabel from audio ---
nothing to re-label (use --force to redo).
--- render ---
nothing to render.
--- sync media to prod ---
media synced to root@91.99.188.232:/srv/dig/app/media/ig/
--- publish ---
nothing due to publish.
===== IG DONE: 2026-08-01 15:10:36 =====

===== DIG IG RUN: 2026-08-01 15:12:00 =====
--- propose ---
already at target (5 suggested). Nothing to do.
--- resolve audio ---
nothing needs audio.
--- autoclip ---
picked 0 window(s).
--- relabel from audio ---
nothing to re-label (use --force to redo).
--- render ---
nothing to render.
--- sync media to prod ---
media synced to root@91.99.188.232:/srv/dig/app/media/ig/
--- publish ---
nothing due to publish.
===== IG DONE: 2026-08-01 15:12:36 =====

===== DIG IG RUN: 2026-08-01 15:14:00 =====
--- propose ---
already at target (5 suggested). Nothing to do.
--- resolve audio ---
nothing needs audio.
--- autoclip ---
picked 0 window(s).
--- relabel from audio ---
nothing to re-label (use --force to redo).
--- render ---
nothing to render.
--- sync media to prod ---
media synced to root@91.99.188.232:/srv/dig/app/media/ig/
--- publish ---
nothing due to publish.
===== IG DONE: 2026-08-01 15:14:43 =====

===== DIG IG RUN: 2026-08-01 15:16:00 =====
--- propose ---
already at target (5 suggested). Nothing to do.
--- resolve audio ---
nothing needs audio.
--- autoclip ---
picked 0 window(s).
--- relabel from audio ---
nothing to re-label (use --force to redo).
--- render ---
nothing to render.
--- sync media to prod ---
media synced to root@91.99.188.232:/srv/dig/app/media/ig/
--- publish ---
nothing due to publish.
===== IG DONE: 2026-08-01 15:16:43 =====

===== DIG IG RUN: 2026-08-01 15:18:00 =====
--- propose ---
already at target (5 suggested). Nothing to do.
--- resolve audio ---
nothing needs audio.
--- autoclip ---
picked 0 window(s).
--- relabel from audio ---
nothing to re-label (use --force to redo).
--- render ---
nothing to render.
--- sync media to prod ---
media synced to root@91.99.188.232:/srv/dig/app/media/ig/
--- publish ---
nothing due to publish.
===== IG DONE: 2026-08-01 15:18:43 =====

===== DIG IG RUN: 2026-08-01 15:20:00 =====
--- propose ---
already at target (5 suggested). Nothing to do.
--- resolve audio ---
nothing needs audio.
--- autoclip ---
picked 0 window(s).
--- relabel from audio ---
nothing to re-label (use --force to redo).
--- render ---
nothing to render.
--- sync media to prod ---
media synced to root@91.99.188.232:/srv/dig/app/media/ig/
--- publish ---
nothing due to publish.
===== IG DONE: 2026-08-01 15:20:53 =====

===== DIG IG RUN: 2026-08-01 15:22:01 =====
--- propose ---
already at target (5 suggested). Nothing to do.
--- resolve audio ---
nothing needs audio.
--- autoclip ---
picked 0 window(s).
--- relabel from audio ---
nothing to re-label (use --force to redo).
--- render ---
nothing to render.
--- sync media to prod ---
media synced to root@91.99.188.232:/srv/dig/app/media/ig/
--- publish ---
nothing due to publish.
===== IG DONE: 2026-08-01 15:22:44 =====

===== DIG IG RUN: 2026-08-01 15:24:00 =====
--- propose ---
already at target (5 suggested). Nothing to do.
--- resolve audio ---
nothing needs audio.
--- autoclip ---
picked 0 window(s).
--- relabel from audio ---
nothing to re-label (use --force to redo).
--- render ---
nothing to render.
--- sync media to prod ---
media synced to root@91.99.188.232:/srv/dig/app/media/ig/
--- publish ---
nothing due to publish.
===== IG DONE: 2026-08-01 15:24:47 =====

===== DIG IG RUN: 2026-08-01 15:26:00 =====
--- propose ---
already at target (5 suggested). Nothing to do.
--- resolve audio ---
nothing needs audio.
--- autoclip ---
picked 0 window(s).
--- relabel from audio ---
nothing to re-label (use --force to redo).
--- render ---
nothing to render.
--- sync media to prod ---
media synced to root@91.99.188.232:/srv/dig/app/media/ig/
--- publish ---
nothing due to publish.
===== IG DONE: 2026-08-01 15:26:42 =====

===== DIG IG RUN: 2026-08-01 15:28:01 =====
--- propose ---
already at target (5 suggested). Nothing to do.
--- resolve audio ---
nothing needs audio.
--- autoclip ---
picked 0 window(s).
--- relabel from audio ---
nothing to re-label (use --force to redo).
--- render ---
nothing to render.
--- sync media to prod ---
media synced to root@91.99.188.232:/srv/dig/app/media/ig/
--- publish ---
nothing due to publish.
===== IG DONE: 2026-08-01 15:28:39 =====

===== DIG IG RUN: 2026-08-01 15:30:00 =====
--- propose ---
already at target (5 suggested). Nothing to do.
--- resolve audio ---
nothing needs audio.
--- autoclip ---
picked 0 window(s).
--- relabel from audio ---
nothing to re-label (use --force to redo).
--- render ---
nothing to render.
--- sync media to prod ---
media synced to root@91.99.188.232:/srv/dig/app/media/ig/
--- publish ---
nothing due to publish.
===== IG DONE: 2026-08-01 15:30:43 =====

===== DIG IG RUN: 2026-08-01 15:32:00 =====
--- propose ---
already at target (5 suggested). Nothing to do.
--- resolve audio ---
nothing needs audio.
--- autoclip ---
picked 0 window(s).
--- relabel from audio ---
nothing to re-label (use --force to redo).
--- render ---
nothing to render.
--- sync media to prod ---
media synced to root@91.99.188.232:/srv/dig/app/media/ig/
--- publish ---
nothing due to publish.
===== IG DONE: 2026-08-01 15:32:42 =====

===== DIG IG RUN: 2026-08-01 15:34:01 =====
--- propose ---
already at target (5 suggested). Nothing to do.
--- resolve audio ---
nothing needs audio.
--- autoclip ---
picked 0 window(s).
--- relabel from audio ---
nothing to re-label (use --force to redo).
--- render ---
nothing to render.
--- sync media to prod ---
media synced to root@91.99.188.232:/srv/dig/app/media/ig/
--- publish ---
nothing due to publish.
===== IG DONE: 2026-08-01 15:34:42 =====

===== DIG IG RUN: 2026-08-01 15:36:01 =====
--- propose ---
already at target (5 suggested). Nothing to do.
--- resolve audio ---
nothing needs audio.
--- autoclip ---
picked 0 window(s).
--- relabel from audio ---
nothing to re-label (use --force to redo).
--- render ---
nothing to render.
--- sync media to prod ---
media synced to root@91.99.188.232:/srv/dig/app/media/ig/
--- publish ---
nothing due to publish.
===== IG DONE: 2026-08-01 15:36:42 =====

===== DIG IG RUN: 2026-08-01 15:38:00 =====
--- propose ---
already at target (5 suggested). Nothing to do.
--- resolve audio ---
nothing needs audio.
--- autoclip ---
picked 0 window(s).
--- relabel from audio ---
nothing to re-label (use --force to redo).
--- render ---
nothing to render.
--- sync media to prod ---
media synced to root@91.99.188.232:/srv/dig/app/media/ig/
--- publish ---
nothing due to publish.
===== IG DONE: 2026-08-01 15:38:52 =====

===== DIG IG RUN: 2026-08-01 15:40:01 =====
--- propose ---
already at target (5 suggested). Nothing to do.
--- resolve audio ---
nothing needs audio.
--- autoclip ---
picked 0 window(s).
--- relabel from audio ---
nothing to re-label (use --force to redo).
--- render ---
nothing to render.
--- sync media to prod ---
media synced to root@91.99.188.232:/srv/dig/app/media/ig/
--- publish ---
nothing due to publish.
===== IG DONE: 2026-08-01 15:40:56 =====

===== DIG IG RUN: 2026-08-01 15:42:00 =====
--- propose ---
already at target (5 suggested). Nothing to do.
--- resolve audio ---
nothing needs audio.
--- autoclip ---
picked 0 window(s).
--- relabel from audio ---
nothing to re-label (use --force to redo).
--- render ---
nothing to render.
--- sync media to prod ---
media synced to root@91.99.188.232:/srv/dig/app/media/ig/
--- publish ---
nothing due to publish.
===== IG DONE: 2026-08-01 15:42:55 =====

===== DIG IG RUN: 2026-08-01 15:44:00 =====
--- propose ---
already at target (5 suggested). Nothing to do.
--- resolve audio ---
nothing needs audio.
--- autoclip ---
picked 0 window(s).
--- relabel from audio ---
nothing to re-label (use --force to redo).
--- render ---
nothing to render.
--- sync media to prod ---
media synced to root@91.99.188.232:/srv/dig/app/media/ig/
--- publish ---
nothing due to publish.
===== IG DONE: 2026-08-01 15:44:56 =====

===== DIG IG RUN: 2026-08-01 15:46:00 =====
--- propose ---
already at target (5 suggested). Nothing to do.
--- resolve audio ---
nothing needs audio.
--- autoclip ---
picked 0 window(s).
--- relabel from audio ---
nothing to re-label (use --force to redo).
--- render ---
nothing to render.
--- sync media to prod ---
media synced to root@91.99.188.232:/srv/dig/app/media/ig/
--- publish ---
nothing due to publish.
===== IG DONE: 2026-08-01 15:46:56 =====

===== DIG IG RUN: 2026-08-01 15:48:00 =====
--- propose ---
already at target (5 suggested). Nothing to do.
--- resolve audio ---
nothing needs audio.
--- autoclip ---
picked 0 window(s).
--- relabel from audio ---
nothing to re-label (use --force to redo).
--- render ---
nothing to render.
--- sync media to prod ---
media synced to root@91.99.188.232:/srv/dig/app/media/ig/
--- publish ---
nothing due to publish.
===== IG DONE: 2026-08-01 15:48:56 =====

===== DIG IG RUN: 2026-08-01 15:50:00 =====
--- propose ---
already at target (5 suggested). Nothing to do.
--- resolve audio ---
nothing needs audio.
--- autoclip ---
picked 0 window(s).
--- relabel from audio ---
nothing to re-label (use --force to redo).
--- render ---
nothing to render.
--- sync media to prod ---
media synced to root@91.99.188.232:/srv/dig/app/media/ig/
--- publish ---
nothing due to publish.
===== IG DONE: 2026-08-01 15:50:59 =====

===== DIG IG RUN: 2026-08-01 15:52:00 =====
--- propose ---
already at target (5 suggested). Nothing to do.
--- resolve audio ---
nothing needs audio.
--- autoclip ---
picked 0 window(s).
--- relabel from audio ---
nothing to re-label (use --force to redo).
--- render ---
nothing to render.
--- sync media to prod ---
media synced to root@91.99.188.232:/srv/dig/app/media/ig/
--- publish ---
nothing due to publish.
===== IG DONE: 2026-08-01 15:52:55 =====

===== DIG IG RUN: 2026-08-01 15:54:00 =====
--- propose ---
already at target (5 suggested). Nothing to do.
--- resolve audio ---
nothing needs audio.
--- autoclip ---
picked 0 window(s).
--- relabel from audio ---
nothing to re-label (use --force to redo).
--- render ---
nothing to render.
--- sync media to prod ---
media synced to root@91.99.188.232:/srv/dig/app/media/ig/
--- publish ---
nothing due to publish.
===== IG DONE: 2026-08-01 15:54:55 =====

===== DIG IG RUN: 2026-08-01 15:56:01 =====
--- propose ---
already at target (5 suggested). Nothing to do.
--- resolve audio ---
nothing needs audio.
--- autoclip ---
picked 0 window(s).
--- relabel from audio ---
nothing to re-label (use --force to redo).
--- render ---
nothing to render.
--- sync media to prod ---
media synced to root@91.99.188.232:/srv/dig/app/media/ig/
--- publish ---
nothing due to publish.
===== IG DONE: 2026-08-01 15:56:59 =====

===== DIG IG RUN: 2026-08-01 15:58:01 =====
--- propose ---
already at target (5 suggested). Nothing to do.
--- resolve audio ---
nothing needs audio.
--- autoclip ---
picked 0 window(s).
--- relabel from audio ---
nothing to re-label (use --force to redo).
--- render ---
nothing to render.
--- sync media to prod ---
media synced to root@91.99.188.232:/srv/dig/app/media/ig/
--- publish ---
nothing due to publish.
===== IG DONE: 2026-08-01 15:59:49 =====

===== DIG IG RUN: 2026-08-01 16:00:00 =====
--- propose ---
already at target (5 suggested). Nothing to do.
--- resolve audio ---
nothing needs audio.
--- autoclip ---
picked 0 window(s).
--- relabel from audio ---
nothing to re-label (use --force to redo).
--- render ---
nothing to render.
--- sync media to prod ---
media synced to root@91.99.188.232:/srv/dig/app/media/ig/
--- publish ---
nothing due to publish.
===== IG DONE: 2026-08-01 16:00:51 =====

===== DIG IG RUN: 2026-08-01 16:02:01 =====
--- propose ---
already at target (5 suggested). Nothing to do.
--- resolve audio ---
nothing needs audio.
--- autoclip ---
picked 0 window(s).
--- relabel from audio ---
nothing to re-label (use --force to redo).
--- render ---
nothing to render.
--- sync media to prod ---
media synced to root@91.99.188.232:/srv/dig/app/media/ig/
--- publish ---
nothing due to publish.
===== IG DONE: 2026-08-01 16:02:48 =====

===== DIG IG RUN: 2026-08-01 16:04:01 =====
--- propose ---
already at target (5 suggested). Nothing to do.
--- resolve audio ---
nothing needs audio.
--- autoclip ---
picked 0 window(s).
--- relabel from audio ---
nothing to re-label (use --force to redo).
--- render ---
  FAILED #1: RuntimeError('ffmpeg not found on PATH — required for clip + mux')
  FAILED #2: RuntimeError('ffmpeg not found on PATH — required for clip + mux')
  FAILED #3: RuntimeError('ffmpeg not found on PATH — required for clip + mux')
  FAILED #4: RuntimeError('ffmpeg not found on PATH — required for clip + mux')
  FAILED #5: RuntimeError('ffmpeg not found on PATH — required for clip + mux')

===== DIG IG RUN: 2026-08-01 16:06:01 =====
--- propose ---
  FAILED #6: RuntimeError('ffmpeg not found on PATH — required for clip + mux')
--- sync media to prod ---
already at target (5 suggested). Nothing to do.
--- resolve audio ---
media synced to root@91.99.188.232:/srv/dig/app/media/ig/
--- publish ---
nothing needs audio.
--- autoclip ---
nothing due to publish.
===== IG DONE: 2026-08-01 16:06:21 =====
picked 0 window(s).
--- relabel from audio ---
nothing to re-label (use --force to redo).
--- render ---
  FAILED #3: RuntimeError('ffmpeg not found on PATH — required for clip + mux')
  FAILED #4: RuntimeError('ffmpeg not found on PATH — required for clip + mux')
  FAILED #5: RuntimeError('ffmpeg not found on PATH — required for clip + mux')
  FAILED #6: RuntimeError('ffmpeg not found on PATH — required for clip + mux')
  FAILED #1: RuntimeError('ffmpeg not found on PATH — required for clip + mux')
  FAILED #7: RuntimeError('ffmpeg not found on PATH — required for clip + mux')
  FAILED #2: RuntimeError('ffmpeg not found on PATH — required for clip + mux')
  FAILED #8: RuntimeError('ffmpeg not found on PATH — required for clip + mux')
  FAILED #9: RuntimeError('ffmpeg not found on PATH — required for clip + mux')

===== DIG IG RUN: 2026-08-01 16:08:01 =====
--- propose ---
already at target (5 suggested). Nothing to do.
--- resolve audio ---
  FAILED #10: RuntimeError('ffmpeg not found on PATH — required for clip + mux')
nothing needs audio.
--- autoclip ---
  FAILED #11: RuntimeError('ffmpeg not found on PATH — required for clip + mux')
picked 0 window(s).
--- sync media to prod ---
--- relabel from audio ---
media synced to root@91.99.188.232:/srv/dig/app/media/ig/
--- publish ---
nothing due to publish.
===== IG DONE: 2026-08-01 16:08:33 =====
nothing to re-label (use --force to redo).
--- render ---
  FAILED #1: RuntimeError('ffmpeg not found on PATH — required for clip + mux')
  FAILED #7: RuntimeError('ffmpeg not found on PATH — required for clip + mux')
  FAILED #2: RuntimeError('ffmpeg not found on PATH — required for clip + mux')
  FAILED #3: RuntimeError('ffmpeg not found on PATH — required for clip + mux')
  FAILED #4: RuntimeError('ffmpeg not found on PATH — required for clip + mux')
  FAILED #5: RuntimeError('ffmpeg not found on PATH — required for clip + mux')
  FAILED #6: RuntimeError('ffmpeg not found on PATH — required for clip + mux')
  FAILED #8: RuntimeError('ffmpeg not found on PATH — required for clip + mux')

===== DIG IG RUN: 2026-08-01 16:10:00 =====
--- propose ---
already at target (5 suggested). Nothing to do.
--- resolve audio ---
  FAILED #9: RuntimeError('ffmpeg not found on PATH — required for clip + mux')
nothing needs audio.
--- autoclip ---
picked 0 window(s).
--- relabel from audio ---
  FAILED #10: RuntimeError('ffmpeg not found on PATH — required for clip + mux')
  FAILED #11: RuntimeError('ffmpeg not found on PATH — required for clip + mux')
--- sync media to prod ---
nothing to re-label (use --force to redo).
--- render ---
media synced to root@91.99.188.232:/srv/dig/app/media/ig/
--- publish ---
nothing due to publish.
===== IG DONE: 2026-08-01 16:10:44 =====
  FAILED #6: RuntimeError('ffmpeg not found on PATH — required for clip + mux')
  FAILED #1: RuntimeError('ffmpeg not found on PATH — required for clip + mux')
  FAILED #7: RuntimeError('ffmpeg not found on PATH — required for clip + mux')
  FAILED #2: RuntimeError('ffmpeg not found on PATH — required for clip + mux')
  FAILED #3: RuntimeError('ffmpeg not found on PATH — required for clip + mux')
  FAILED #4: RuntimeError('ffmpeg not found on PATH — required for clip + mux')
  FAILED #5: RuntimeError('ffmpeg not found on PATH — required for clip + mux')
  FAILED #9: RuntimeError('ffmpeg not found on PATH — required for clip + mux')

===== DIG IG RUN: 2026-08-01 16:12:00 =====
--- propose ---
already at target (5 suggested). Nothing to do.
--- resolve audio ---
  FAILED #10: RuntimeError('ffmpeg not found on PATH — required for clip + mux')
nothing needs audio.
--- autoclip ---
picked 0 window(s).
--- relabel from audio ---
  FAILED #11: RuntimeError('ffmpeg not found on PATH — required for clip + mux')
  FAILED #8: RuntimeError('ffmpeg not found on PATH — required for clip + mux')
--- sync media to prod ---
nothing to re-label (use --force to redo).
--- render ---
media synced to root@91.99.188.232:/srv/dig/app/media/ig/
--- publish ---
nothing due to publish.
===== IG DONE: 2026-08-01 16:12:47 =====
  FAILED #6: RuntimeError('ffmpeg not found on PATH — required for clip + mux')
  FAILED #1: RuntimeError('ffmpeg not found on PATH — required for clip + mux')
  FAILED #7: RuntimeError('ffmpeg not found on PATH — required for clip + mux')
  FAILED #2: RuntimeError('ffmpeg not found on PATH — required for clip + mux')
  FAILED #3: RuntimeError('ffmpeg not found on PATH — required for clip + mux')
  FAILED #4: RuntimeError('ffmpeg not found on PATH — required for clip + mux')
  FAILED #5: RuntimeError('ffmpeg not found on PATH — required for clip + mux')
  FAILED #9: RuntimeError('ffmpeg not found on PATH — required for clip + mux')

===== DIG IG RUN: 2026-08-01 16:14:00 =====
--- propose ---
already at target (5 suggested). Nothing to do.
--- resolve audio ---
  FAILED #10: RuntimeError('ffmpeg not found on PATH — required for clip + mux')
nothing needs audio.
--- autoclip ---
picked 0 window(s).
--- relabel from audio ---
  FAILED #11: RuntimeError('ffmpeg not found on PATH — required for clip + mux')
  FAILED #8: RuntimeError('ffmpeg not found on PATH — required for clip + mux')
--- sync media to prod ---
nothing to re-label (use --force to redo).
--- render ---
media synced to root@91.99.188.232:/srv/dig/app/media/ig/
--- publish ---
nothing due to publish.
===== IG DONE: 2026-08-01 16:14:47 =====
  FAILED #6: RuntimeError('ffmpeg not found on PATH — required for clip + mux')
  FAILED #1: RuntimeError('ffmpeg not found on PATH — required for clip + mux')
  FAILED #7: RuntimeError('ffmpeg not found on PATH — required for clip + mux')
  FAILED #2: RuntimeError('ffmpeg not found on PATH — required for clip + mux')
  FAILED #3: RuntimeError('ffmpeg not found on PATH — required for clip + mux')
  FAILED #4: RuntimeError('ffmpeg not found on PATH — required for clip + mux')
  FAILED #5: RuntimeError('ffmpeg not found on PATH — required for clip + mux')
  FAILED #9: RuntimeError('ffmpeg not found on PATH — required for clip + mux')

===== DIG IG RUN: 2026-08-01 16:16:00 =====
--- propose ---
already at target (5 suggested). Nothing to do.
--- resolve audio ---
  FAILED #10: RuntimeError('ffmpeg not found on PATH — required for clip + mux')
nothing needs audio.
--- autoclip ---
picked 0 window(s).
--- relabel from audio ---
  FAILED #11: RuntimeError('ffmpeg not found on PATH — required for clip + mux')
  FAILED #8: RuntimeError('ffmpeg not found on PATH — required for clip + mux')
--- sync media to prod ---
nothing to re-label (use --force to redo).
--- render ---
media synced to root@91.99.188.232:/srv/dig/app/media/ig/
--- publish ---
nothing due to publish.
===== IG DONE: 2026-08-01 16:16:42 =====
  FAILED #1: RuntimeError('ffmpeg not found on PATH — required for clip + mux')
  FAILED #7: RuntimeError('ffmpeg not found on PATH — required for clip + mux')
  FAILED #2: RuntimeError('ffmpeg not found on PATH — required for clip + mux')
  FAILED #3: RuntimeError('ffmpeg not found on PATH — required for clip + mux')
  FAILED #4: RuntimeError('ffmpeg not found on PATH — required for clip + mux')
  FAILED #5: RuntimeError('ffmpeg not found on PATH — required for clip + mux')
  FAILED #6: RuntimeError('ffmpeg not found on PATH — required for clip + mux')
  FAILED #9: RuntimeError('ffmpeg not found on PATH — required for clip + mux')

===== DIG IG RUN: 2026-08-01 16:18:00 =====
--- propose ---
  FAILED #10: RuntimeError('ffmpeg not found on PATH — required for clip + mux')
already at target (5 suggested). Nothing to do.
--- resolve audio ---
nothing needs audio.
--- autoclip ---
  FAILED #11: RuntimeError('ffmpeg not found on PATH — required for clip + mux')
picked 0 window(s).
--- relabel from audio ---
  FAILED #8: RuntimeError('ffmpeg not found on PATH — required for clip + mux')
--- sync media to prod ---
media synced to root@91.99.188.232:/srv/dig/app/media/ig/
--- publish ---
nothing to re-label (use --force to redo).
--- render ---
nothing due to publish.
===== IG DONE: 2026-08-01 16:18:41 =====
  FAILED #3: RuntimeError('ffmpeg not found on PATH — required for clip + mux')
  FAILED #4: RuntimeError('ffmpeg not found on PATH — required for clip + mux')
  FAILED #5: RuntimeError('ffmpeg not found on PATH — required for clip + mux')
  FAILED #6: RuntimeError('ffmpeg not found on PATH — required for clip + mux')
  FAILED #1: RuntimeError('ffmpeg not found on PATH — required for clip + mux')
  FAILED #7: RuntimeError('ffmpeg not found on PATH — required for clip + mux')
  FAILED #2: RuntimeError('ffmpeg not found on PATH — required for clip + mux')
  FAILED #9: RuntimeError('ffmpeg not found on PATH — required for clip + mux')

===== DIG IG RUN: 2026-08-01 16:20:00 =====
--- propose ---
already at target (5 suggested). Nothing to do.
--- resolve audio ---
  FAILED #10: RuntimeError('ffmpeg not found on PATH — required for clip + mux')
nothing needs audio.
--- autoclip ---
picked 0 window(s).
--- relabel from audio ---
  FAILED #11: RuntimeError('ffmpeg not found on PATH — required for clip + mux')
  FAILED #8: RuntimeError('ffmpeg not found on PATH — required for clip + mux')
--- sync media to prod ---
nothing to re-label (use --force to redo).
--- render ---
media synced to root@91.99.188.232:/srv/dig/app/media/ig/
--- publish ---
nothing due to publish.
===== IG DONE: 2026-08-01 16:20:45 =====
  FAILED #1: RuntimeError('ffmpeg not found on PATH — required for clip + mux')
  FAILED #7: RuntimeError('ffmpeg not found on PATH — required for clip + mux')
  FAILED #2: RuntimeError('ffmpeg not found on PATH — required for clip + mux')
  FAILED #3: RuntimeError('ffmpeg not found on PATH — required for clip + mux')
  FAILED #4: RuntimeError('ffmpeg not found on PATH — required for clip + mux')
  FAILED #5: RuntimeError('ffmpeg not found on PATH — required for clip + mux')
  FAILED #6: RuntimeError('ffmpeg not found on PATH — required for clip + mux')
  FAILED #8: RuntimeError('ffmpeg not found on PATH — required for clip + mux')

===== DIG IG RUN: 2026-08-01 16:22:00 =====
--- propose ---
already at target (5 suggested). Nothing to do.
--- resolve audio ---
  FAILED #9: RuntimeError('ffmpeg not found on PATH — required for clip + mux')
nothing needs audio.
--- autoclip ---
picked 0 window(s).
--- relabel from audio ---
  FAILED #10: RuntimeError('ffmpeg not found on PATH — required for clip + mux')
  FAILED #11: RuntimeError('ffmpeg not found on PATH — required for clip + mux')
--- sync media to prod ---
nothing to re-label (use --force to redo).
--- render ---
media synced to root@91.99.188.232:/srv/dig/app/media/ig/
--- publish ---
nothing due to publish.
===== IG DONE: 2026-08-01 16:22:45 =====
  FAILED #6: RuntimeError('ffmpeg not found on PATH — required for clip + mux')
  FAILED #1: RuntimeError('ffmpeg not found on PATH — required for clip + mux')
  FAILED #7: RuntimeError('ffmpeg not found on PATH — required for clip + mux')
  FAILED #2: RuntimeError('ffmpeg not found on PATH — required for clip + mux')
  FAILED #3: RuntimeError('ffmpeg not found on PATH — required for clip + mux')
  FAILED #4: RuntimeError('ffmpeg not found on PATH — required for clip + mux')
  FAILED #5: RuntimeError('ffmpeg not found on PATH — required for clip + mux')
  FAILED #8: RuntimeError('ffmpeg not found on PATH — required for clip + mux')

===== DIG IG RUN: 2026-08-01 16:24:01 =====
--- propose ---
  FAILED #9: RuntimeError('ffmpeg not found on PATH — required for clip + mux')
already at target (5 suggested). Nothing to do.
--- resolve audio ---
nothing needs audio.
--- autoclip ---
  FAILED #10: RuntimeError('ffmpeg not found on PATH — required for clip + mux')
picked 0 window(s).
--- relabel from audio ---
  FAILED #11: RuntimeError('ffmpeg not found on PATH — required for clip + mux')
--- sync media to prod ---
media synced to root@91.99.188.232:/srv/dig/app/media/ig/
--- publish ---
nothing to re-label (use --force to redo).
--- render ---
nothing due to publish.
===== IG DONE: 2026-08-01 16:24:41 =====
  FAILED #6: RuntimeError('ffmpeg not found on PATH — required for clip + mux')
  FAILED #1: RuntimeError('ffmpeg not found on PATH — required for clip + mux')
  FAILED #7: RuntimeError('ffmpeg not found on PATH — required for clip + mux')
  FAILED #2: RuntimeError('ffmpeg not found on PATH — required for clip + mux')
  FAILED #3: RuntimeError('ffmpeg not found on PATH — required for clip + mux')
  FAILED #4: RuntimeError('ffmpeg not found on PATH — required for clip + mux')
  FAILED #5: RuntimeError('ffmpeg not found on PATH — required for clip + mux')
  FAILED #8: RuntimeError('ffmpeg not found on PATH — required for clip + mux')
  FAILED #9: RuntimeError('ffmpeg not found on PATH — required for clip + mux')

===== DIG IG RUN: 2026-08-01 16:26:01 =====
--- propose ---
  FAILED #10: RuntimeError('ffmpeg not found on PATH — required for clip + mux')
already at target (5 suggested). Nothing to do.
--- resolve audio ---
nothing needs audio.
--- autoclip ---
  FAILED #11: RuntimeError('ffmpeg not found on PATH — required for clip + mux')
--- sync media to prod ---
picked 0 window(s).
--- relabel from audio ---
media synced to root@91.99.188.232:/srv/dig/app/media/ig/
--- publish ---
nothing due to publish.
===== IG DONE: 2026-08-01 16:26:31 =====
nothing to re-label (use --force to redo).
--- render ---
  FAILED #6: RuntimeError('ffmpeg not found on PATH — required for clip + mux')
  FAILED #1: RuntimeError('ffmpeg not found on PATH — required for clip + mux')
  FAILED #7: RuntimeError('ffmpeg not found on PATH — required for clip + mux')
  FAILED #2: RuntimeError('ffmpeg not found on PATH — required for clip + mux')
  FAILED #3: RuntimeError('ffmpeg not found on PATH — required for clip + mux')
  FAILED #4: RuntimeError('ffmpeg not found on PATH — required for clip + mux')
  FAILED #5: RuntimeError('ffmpeg not found on PATH — required for clip + mux')
  FAILED #11: RuntimeError('ffmpeg not found on PATH — required for clip + mux')
  FAILED #8: RuntimeError('ffmpeg not found on PATH — required for clip + mux')
  FAILED #9: RuntimeError('ffmpeg not found on PATH — required for clip + mux')

===== DIG IG RUN: 2026-08-01 16:28:01 =====
--- propose ---
already at target (5 suggested). Nothing to do.
--- resolve audio ---
  FAILED #10: RuntimeError('ffmpeg not found on PATH — required for clip + mux')
--- sync media to prod ---
media synced to root@91.99.188.232:/srv/dig/app/media/ig/
--- publish ---
nothing needs audio.
--- autoclip ---
nothing due to publish.
===== IG DONE: 2026-08-01 16:28:20 =====
picked 0 window(s).
--- relabel from audio ---
nothing to re-label (use --force to redo).
--- render ---
  FAILED #1: RuntimeError('ffmpeg not found on PATH — required for clip + mux')
  FAILED #7: RuntimeError('ffmpeg not found on PATH — required for clip + mux')
  FAILED #2: RuntimeError('ffmpeg not found on PATH — required for clip + mux')
  FAILED #3: RuntimeError('ffmpeg not found on PATH — required for clip + mux')
  FAILED #4: RuntimeError('ffmpeg not found on PATH — required for clip + mux')
  FAILED #5: RuntimeError('ffmpeg not found on PATH — required for clip + mux')
  FAILED #6: RuntimeError('ffmpeg not found on PATH — required for clip + mux')
  FAILED #11: RuntimeError('ffmpeg not found on PATH — required for clip + mux')
  FAILED #8: RuntimeError('ffmpeg not found on PATH — required for clip + mux')
  FAILED #9: RuntimeError('ffmpeg not found on PATH — required for clip + mux')

===== DIG IG RUN: 2026-08-01 16:30:00 =====
--- propose ---
already at target (5 suggested). Nothing to do.
--- resolve audio ---
  FAILED #10: RuntimeError('ffmpeg not found on PATH — required for clip + mux')
--- sync media to prod ---
nothing needs audio.
--- autoclip ---
media synced to root@91.99.188.232:/srv/dig/app/media/ig/
--- publish ---
picked 0 window(s).
--- relabel from audio ---
nothing due to publish.
===== IG DONE: 2026-08-01 16:30:25 =====
nothing to re-label (use --force to redo).
--- render ---
  FAILED #3: RuntimeError('ffmpeg not found on PATH — required for clip + mux')
  FAILED #4: RuntimeError('ffmpeg not found on PATH — required for clip + mux')
  FAILED #5: RuntimeError('ffmpeg not found on PATH — required for clip + mux')
  FAILED #6: RuntimeError('ffmpeg not found on PATH — required for clip + mux')
  FAILED #1: RuntimeError('ffmpeg not found on PATH — required for clip + mux')
  FAILED #7: RuntimeError('ffmpeg not found on PATH — required for clip + mux')
  FAILED #2: RuntimeError('ffmpeg not found on PATH — required for clip + mux')
  FAILED #11: RuntimeError('ffmpeg not found on PATH — required for clip + mux')
  FAILED #8: RuntimeError('ffmpeg not found on PATH — required for clip + mux')

===== DIG IG RUN: 2026-08-01 16:32:00 =====
--- propose ---
already at target (5 suggested). Nothing to do.
--- resolve audio ---
  FAILED #9: RuntimeError('ffmpeg not found on PATH — required for clip + mux')
nothing needs audio.
--- autoclip ---
picked 0 window(s).
--- relabel from audio ---
  FAILED #10: RuntimeError('ffmpeg not found on PATH — required for clip + mux')
--- sync media to prod ---
media synced to root@91.99.188.232:/srv/dig/app/media/ig/
--- publish ---
nothing due to publish.
===== IG DONE: 2026-08-01 16:32:35 =====
nothing to re-label (use --force to redo).
--- render ---
  FAILED #1: RuntimeError('ffmpeg not found on PATH — required for clip + mux')
  FAILED #7: RuntimeError('ffmpeg not found on PATH — required for clip + mux')
  FAILED #2: RuntimeError('ffmpeg not found on PATH — required for clip + mux')
  FAILED #3: RuntimeError('ffmpeg not found on PATH — required for clip + mux')
  FAILED #4: RuntimeError('ffmpeg not found on PATH — required for clip + mux')
  FAILED #5: RuntimeError('ffmpeg not found on PATH — required for clip + mux')
  FAILED #6: RuntimeError('ffmpeg not found on PATH — required for clip + mux')
  FAILED #9: RuntimeError('ffmpeg not found on PATH — required for clip + mux')

===== DIG IG RUN: 2026-08-01 16:34:00 =====
--- propose ---
  FAILED #10: RuntimeError('ffmpeg not found on PATH — required for clip + mux')
already at target (5 suggested). Nothing to do.
--- resolve audio ---
nothing needs audio.
--- autoclip ---
  FAILED #11: RuntimeError('ffmpeg not found on PATH — required for clip + mux')
picked 0 window(s).
--- relabel from audio ---
  FAILED #8: RuntimeError('ffmpeg not found on PATH — required for clip + mux')
--- sync media to prod ---
media synced to root@91.99.188.232:/srv/dig/app/media/ig/
--- publish ---
nothing to re-label (use --force to redo).
--- render ---
nothing due to publish.
===== IG DONE: 2026-08-01 16:34:38 =====
  FAILED #6: RuntimeError('ffmpeg not found on PATH — required for clip + mux')
  FAILED #1: RuntimeError('ffmpeg not found on PATH — required for clip + mux')
  FAILED #7: RuntimeError('ffmpeg not found on PATH — required for clip + mux')
  FAILED #2: RuntimeError('ffmpeg not found on PATH — required for clip + mux')
  FAILED #3: RuntimeError('ffmpeg not found on PATH — required for clip + mux')
  FAILED #4: RuntimeError('ffmpeg not found on PATH — required for clip + mux')
  FAILED #5: RuntimeError('ffmpeg not found on PATH — required for clip + mux')
  FAILED #9: RuntimeError('ffmpeg not found on PATH — required for clip + mux')

===== DIG IG RUN: 2026-08-01 16:36:00 =====
--- propose ---
already at target (5 suggested). Nothing to do.
--- resolve audio ---
  FAILED #10: RuntimeError('ffmpeg not found on PATH — required for clip + mux')
nothing needs audio.
--- autoclip ---
picked 0 window(s).
--- relabel from audio ---
  FAILED #11: RuntimeError('ffmpeg not found on PATH — required for clip + mux')
  FAILED #8: RuntimeError('ffmpeg not found on PATH — required for clip + mux')
--- sync media to prod ---
nothing to re-label (use --force to redo).
--- render ---
media synced to root@91.99.188.232:/srv/dig/app/media/ig/
--- publish ---
nothing due to publish.
===== IG DONE: 2026-08-01 16:36:45 =====
  FAILED #6: RuntimeError('ffmpeg not found on PATH — required for clip + mux')
  FAILED #1: RuntimeError('ffmpeg not found on PATH — required for clip + mux')
  FAILED #7: RuntimeError('ffmpeg not found on PATH — required for clip + mux')
  FAILED #2: RuntimeError('ffmpeg not found on PATH — required for clip + mux')
  FAILED #3: RuntimeError('ffmpeg not found on PATH — required for clip + mux')
  FAILED #4: RuntimeError('ffmpeg not found on PATH — required for clip + mux')
  FAILED #5: RuntimeError('ffmpeg not found on PATH — required for clip + mux')
  FAILED #9: RuntimeError('ffmpeg not found on PATH — required for clip + mux')

===== DIG IG RUN: 2026-08-01 16:38:00 =====
--- propose ---
  FAILED #10: RuntimeError('ffmpeg not found on PATH — required for clip + mux')
already at target (5 suggested). Nothing to do.
--- resolve audio ---
nothing needs audio.
--- autoclip ---
  FAILED #11: RuntimeError('ffmpeg not found on PATH — required for clip + mux')
picked 0 window(s).
--- relabel from audio ---
  FAILED #8: RuntimeError('ffmpeg not found on PATH — required for clip + mux')
--- sync media to prod ---
media synced to root@91.99.188.232:/srv/dig/app/media/ig/
--- publish ---
nothing due to publish.
===== IG DONE: 2026-08-01 16:38:38 =====
nothing to re-label (use --force to redo).
--- render ---
  FAILED #6: RuntimeError('ffmpeg not found on PATH — required for clip + mux')
  FAILED #1: RuntimeError('ffmpeg not found on PATH — required for clip + mux')
  FAILED #7: RuntimeError('ffmpeg not found on PATH — required for clip + mux')
  FAILED #2: RuntimeError('ffmpeg not found on PATH — required for clip + mux')
  FAILED #3: RuntimeError('ffmpeg not found on PATH — required for clip + mux')
  FAILED #4: RuntimeError('ffmpeg not found on PATH — required for clip + mux')
  FAILED #5: RuntimeError('ffmpeg not found on PATH — required for clip + mux')
  FAILED #10: RuntimeError('ffmpeg not found on PATH — required for clip + mux')

===== DIG IG RUN: 2026-08-01 16:40:00 =====
--- propose ---
  FAILED #11: RuntimeError('ffmpeg not found on PATH — required for clip + mux')
already at target (5 suggested). Nothing to do.
--- resolve audio ---
nothing needs audio.
--- autoclip ---
  FAILED #8: RuntimeError('ffmpeg not found on PATH — required for clip + mux')
picked 0 window(s).
--- relabel from audio ---
  FAILED #9: RuntimeError('ffmpeg not found on PATH — required for clip + mux')
--- sync media to prod ---
media synced to root@91.99.188.232:/srv/dig/app/media/ig/
--- publish ---
nothing to re-label (use --force to redo).
--- render ---
nothing due to publish.
===== IG DONE: 2026-08-01 16:40:41 =====
  FAILED #1: RuntimeError('ffmpeg not found on PATH — required for clip + mux')
  FAILED #7: RuntimeError('ffmpeg not found on PATH — required for clip + mux')
  FAILED #2: RuntimeError('ffmpeg not found on PATH — required for clip + mux')
  FAILED #3: RuntimeError('ffmpeg not found on PATH — required for clip + mux')
  FAILED #4: RuntimeError('ffmpeg not found on PATH — required for clip + mux')
  FAILED #5: RuntimeError('ffmpeg not found on PATH — required for clip + mux')
  FAILED #6: RuntimeError('ffmpeg not found on PATH — required for clip + mux')
  FAILED #10: RuntimeError('ffmpeg not found on PATH — required for clip + mux')
  FAILED #11: RuntimeError('ffmpeg not found on PATH — required for clip + mux')

===== DIG IG RUN: 2026-08-01 16:42:00 =====
--- propose ---
already at target (5 suggested). Nothing to do.
--- resolve audio ---
  FAILED #8: RuntimeError('ffmpeg not found on PATH — required for clip + mux')
nothing needs audio.
--- autoclip ---
picked 0 window(s).
--- relabel from audio ---
  FAILED #9: RuntimeError('ffmpeg not found on PATH — required for clip + mux')
--- sync media to prod ---
media synced to root@91.99.188.232:/srv/dig/app/media/ig/
--- publish ---
nothing to re-label (use --force to redo).
--- render ---
nothing due to publish.
===== IG DONE: 2026-08-01 16:42:38 =====
  FAILED #3: RuntimeError('ffmpeg not found on PATH — required for clip + mux')
  FAILED #4: RuntimeError('ffmpeg not found on PATH — required for clip + mux')
  FAILED #5: RuntimeError('ffmpeg not found on PATH — required for clip + mux')
  FAILED #6: RuntimeError('ffmpeg not found on PATH — required for clip + mux')
  FAILED #1: RuntimeError('ffmpeg not found on PATH — required for clip + mux')
  FAILED #7: RuntimeError('ffmpeg not found on PATH — required for clip + mux')
  FAILED #2: RuntimeError('ffmpeg not found on PATH — required for clip + mux')
  FAILED #10: RuntimeError('ffmpeg not found on PATH — required for clip + mux')
  FAILED #11: RuntimeError('ffmpeg not found on PATH — required for clip + mux')

===== DIG IG RUN: 2026-08-01 16:44:00 =====
--- propose ---
  FAILED #8: RuntimeError('ffmpeg not found on PATH — required for clip + mux')
already at target (5 suggested). Nothing to do.
--- resolve audio ---
nothing needs audio.
--- autoclip ---
  FAILED #9: RuntimeError('ffmpeg not found on PATH — required for clip + mux')
--- sync media to prod ---
picked 0 window(s).
--- relabel from audio ---
media synced to root@91.99.188.232:/srv/dig/app/media/ig/
--- publish ---
nothing due to publish.
===== IG DONE: 2026-08-01 16:44:25 =====
nothing to re-label (use --force to redo).
--- render ---
  FAILED #1: RuntimeError('ffmpeg not found on PATH — required for clip + mux')
  FAILED #7: RuntimeError('ffmpeg not found on PATH — required for clip + mux')
  FAILED #2: RuntimeError('ffmpeg not found on PATH — required for clip + mux')
  FAILED #3: RuntimeError('ffmpeg not found on PATH — required for clip + mux')
  FAILED #4: RuntimeError('ffmpeg not found on PATH — required for clip + mux')
  FAILED #5: RuntimeError('ffmpeg not found on PATH — required for clip + mux')
  FAILED #6: RuntimeError('ffmpeg not found on PATH — required for clip + mux')
  FAILED #10: RuntimeError('ffmpeg not found on PATH — required for clip + mux')
  FAILED #11: RuntimeError('ffmpeg not found on PATH — required for clip + mux')

===== DIG IG RUN: 2026-08-01 16:46:01 =====
--- propose ---
  FAILED #8: RuntimeError('ffmpeg not found on PATH — required for clip + mux')
already at target (5 suggested). Nothing to do.
--- resolve audio ---
  FAILED #9: RuntimeError('ffmpeg not found on PATH — required for clip + mux')
--- sync media to prod ---
nothing needs audio.
--- autoclip ---
picked 0 window(s).
--- relabel from audio ---
media synced to root@91.99.188.232:/srv/dig/app/media/ig/
--- publish ---
nothing due to publish.
===== IG DONE: 2026-08-01 16:46:23 =====
nothing to re-label (use --force to redo).
--- render ---
  FAILED #6: RuntimeError('ffmpeg not found on PATH — required for clip + mux')
  FAILED #1: RuntimeError('ffmpeg not found on PATH — required for clip + mux')
  FAILED #7: RuntimeError('ffmpeg not found on PATH — required for clip + mux')
  FAILED #2: RuntimeError('ffmpeg not found on PATH — required for clip + mux')
  FAILED #3: RuntimeError('ffmpeg not found on PATH — required for clip + mux')
  FAILED #4: RuntimeError('ffmpeg not found on PATH — required for clip + mux')
  FAILED #5: RuntimeError('ffmpeg not found on PATH — required for clip + mux')
  FAILED #10: RuntimeError('ffmpeg not found on PATH — required for clip + mux')
  FAILED #11: RuntimeError('ffmpeg not found on PATH — required for clip + mux')
  FAILED #8: RuntimeError('ffmpeg not found on PATH — required for clip + mux')

===== DIG IG RUN: 2026-08-01 16:48:01 =====
--- propose ---
already at target (5 suggested). Nothing to do.
--- resolve audio ---
  FAILED #9: RuntimeError('ffmpeg not found on PATH — required for clip + mux')
--- sync media to prod ---
nothing needs audio.
--- autoclip ---
media synced to root@91.99.188.232:/srv/dig/app/media/ig/
--- publish ---
picked 0 window(s).
--- relabel from audio ---
nothing due to publish.
===== IG DONE: 2026-08-01 16:48:18 =====
nothing to re-label (use --force to redo).
--- render ---
  FAILED #6: RuntimeError('ffmpeg not found on PATH — required for clip + mux')
  FAILED #1: RuntimeError('ffmpeg not found on PATH — required for clip + mux')
  FAILED #7: RuntimeError('ffmpeg not found on PATH — required for clip + mux')
  FAILED #2: RuntimeError('ffmpeg not found on PATH — required for clip + mux')
  FAILED #3: RuntimeError('ffmpeg not found on PATH — required for clip + mux')
  FAILED #4: RuntimeError('ffmpeg not found on PATH — required for clip + mux')
  FAILED #5: RuntimeError('ffmpeg not found on PATH — required for clip + mux')
  FAILED #9: RuntimeError('ffmpeg not found on PATH — required for clip + mux')
  FAILED #10: RuntimeError('ffmpeg not found on PATH — required for clip + mux')
  FAILED #11: RuntimeError('ffmpeg not found on PATH — required for clip + mux')

===== DIG IG RUN: 2026-08-01 16:50:00 =====
--- propose ---
  FAILED #8: RuntimeError('ffmpeg not found on PATH — required for clip + mux')
--- sync media to prod ---
already at target (5 suggested). Nothing to do.
--- resolve audio ---
media synced to root@91.99.188.232:/srv/dig/app/media/ig/
--- publish ---
nothing needs audio.
--- autoclip ---
nothing due to publish.
===== IG DONE: 2026-08-01 16:50:14 =====
picked 0 window(s).
--- relabel from audio ---
nothing to re-label (use --force to redo).
--- render ---
  FAILED #6: RuntimeError('ffmpeg not found on PATH — required for clip + mux')
  FAILED #1: RuntimeError('ffmpeg not found on PATH — required for clip + mux')
  FAILED #7: RuntimeError('ffmpeg not found on PATH — required for clip + mux')
  FAILED #2: RuntimeError('ffmpeg not found on PATH — required for clip + mux')
  FAILED #3: RuntimeError('ffmpeg not found on PATH — required for clip + mux')
  FAILED #4: RuntimeError('ffmpeg not found on PATH — required for clip + mux')
  FAILED #5: RuntimeError('ffmpeg not found on PATH — required for clip + mux')
  FAILED #9: RuntimeError('ffmpeg not found on PATH — required for clip + mux')
  FAILED #10: RuntimeError('ffmpeg not found on PATH — required for clip + mux')
  FAILED #11: RuntimeError('ffmpeg not found on PATH — required for clip + mux')

===== DIG IG RUN: 2026-08-01 16:52:01 =====
--- propose ---
already at target (5 suggested). Nothing to do.
--- resolve audio ---
  FAILED #8: RuntimeError('ffmpeg not found on PATH — required for clip + mux')
--- sync media to prod ---
nothing needs audio.
--- autoclip ---
media synced to root@91.99.188.232:/srv/dig/app/media/ig/
--- publish ---
picked 0 window(s).
--- relabel from audio ---
nothing due to publish.
===== IG DONE: 2026-08-01 16:52:19 =====
nothing to re-label (use --force to redo).
--- render ---
  FAILED #1: RuntimeError('ffmpeg not found on PATH — required for clip + mux')
  FAILED #7: RuntimeError('ffmpeg not found on PATH — required for clip + mux')
  FAILED #2: RuntimeError('ffmpeg not found on PATH — required for clip + mux')
  FAILED #3: RuntimeError('ffmpeg not found on PATH — required for clip + mux')
  FAILED #4: RuntimeError('ffmpeg not found on PATH — required for clip + mux')
  FAILED #5: RuntimeError('ffmpeg not found on PATH — required for clip + mux')
  FAILED #6: RuntimeError('ffmpeg not found on PATH — required for clip + mux')
  FAILED #9: RuntimeError('ffmpeg not found on PATH — required for clip + mux')
  FAILED #10: RuntimeError('ffmpeg not found on PATH — required for clip + mux')
  FAILED #11: RuntimeError('ffmpeg not found on PATH — required for clip + mux')
  FAILED #8: RuntimeError('ffmpeg not found on PATH — required for clip + mux')
--- sync media to prod ---

===== DIG IG RUN: 2026-08-01 16:54:01 =====
--- propose ---
already at target (5 suggested). Nothing to do.
--- resolve audio ---
media synced to root@91.99.188.232:/srv/dig/app/media/ig/
--- publish ---
nothing needs audio.
--- autoclip ---
nothing due to publish.
===== IG DONE: 2026-08-01 16:54:13 =====
picked 0 window(s).
--- relabel from audio ---
nothing to re-label (use --force to redo).
--- render ---
  FAILED #3: RuntimeError('ffmpeg not found on PATH — required for clip + mux')
  FAILED #4: RuntimeError('ffmpeg not found on PATH — required for clip + mux')
  FAILED #5: RuntimeError('ffmpeg not found on PATH — required for clip + mux')
  FAILED #6: RuntimeError('ffmpeg not found on PATH — required for clip + mux')
  FAILED #1: RuntimeError('ffmpeg not found on PATH — required for clip + mux')
  FAILED #7: RuntimeError('ffmpeg not found on PATH — required for clip + mux')
  FAILED #2: RuntimeError('ffmpeg not found on PATH — required for clip + mux')
  FAILED #11: RuntimeError('ffmpeg not found on PATH — required for clip + mux')
  FAILED #8: RuntimeError('ffmpeg not found on PATH — required for clip + mux')
  FAILED #9: RuntimeError('ffmpeg not found on PATH — required for clip + mux')

===== DIG IG RUN: 2026-08-01 16:56:00 =====
--- propose ---
  FAILED #10: RuntimeError('ffmpeg not found on PATH — required for clip + mux')
--- sync media to prod ---
already at target (5 suggested). Nothing to do.
--- resolve audio ---
media synced to root@91.99.188.232:/srv/dig/app/media/ig/
--- publish ---
nothing needs audio.
--- autoclip ---
nothing due to publish.
===== IG DONE: 2026-08-01 16:56:16 =====
picked 0 window(s).
--- relabel from audio ---
nothing to re-label (use --force to redo).
--- render ---
  FAILED #1: RuntimeError('ffmpeg not found on PATH — required for clip + mux')
  FAILED #7: RuntimeError('ffmpeg not found on PATH — required for clip + mux')
  FAILED #2: RuntimeError('ffmpeg not found on PATH — required for clip + mux')
  FAILED #3: RuntimeError('ffmpeg not found on PATH — required for clip + mux')
  FAILED #4: RuntimeError('ffmpeg not found on PATH — required for clip + mux')
  FAILED #5: RuntimeError('ffmpeg not found on PATH — required for clip + mux')
  FAILED #6: RuntimeError('ffmpeg not found on PATH — required for clip + mux')
  FAILED #11: RuntimeError('ffmpeg not found on PATH — required for clip + mux')
  FAILED #8: RuntimeError('ffmpeg not found on PATH — required for clip + mux')
  FAILED #9: RuntimeError('ffmpeg not found on PATH — required for clip + mux')

===== DIG IG RUN: 2026-08-01 16:58:00 =====
--- propose ---
already at target (5 suggested). Nothing to do.
--- resolve audio ---
  FAILED #10: RuntimeError('ffmpeg not found on PATH — required for clip + mux')
--- sync media to prod ---
nothing needs audio.
--- autoclip ---
media synced to root@91.99.188.232:/srv/dig/app/media/ig/
--- publish ---
picked 0 window(s).
--- relabel from audio ---
nothing due to publish.
===== IG DONE: 2026-08-01 16:58:18 =====
nothing to re-label (use --force to redo).
--- render ---
  FAILED #6: RuntimeError('ffmpeg not found on PATH — required for clip + mux')
  FAILED #1: RuntimeError('ffmpeg not found on PATH — required for clip + mux')
  FAILED #7: RuntimeError('ffmpeg not found on PATH — required for clip + mux')
  FAILED #2: RuntimeError('ffmpeg not found on PATH — required for clip + mux')
  FAILED #3: RuntimeError('ffmpeg not found on PATH — required for clip + mux')
  FAILED #4: RuntimeError('ffmpeg not found on PATH — required for clip + mux')
  FAILED #5: RuntimeError('ffmpeg not found on PATH — required for clip + mux')
  FAILED #11: RuntimeError('ffmpeg not found on PATH — required for clip + mux')
  FAILED #8: RuntimeError('ffmpeg not found on PATH — required for clip + mux')

===== DIG IG RUN: 2026-08-01 17:00:00 =====
--- propose ---
already at target (5 suggested). Nothing to do.
--- resolve audio ---
  FAILED #9: RuntimeError('ffmpeg not found on PATH — required for clip + mux')
nothing needs audio.
--- autoclip ---
picked 0 window(s).
--- relabel from audio ---
  FAILED #10: RuntimeError('ffmpeg not found on PATH — required for clip + mux')
--- sync media to prod ---
media synced to root@91.99.188.232:/srv/dig/app/media/ig/
--- publish ---
nothing due to publish.
===== IG DONE: 2026-08-01 17:00:36 =====
nothing to re-label (use --force to redo).
--- render ---
  FAILED #6: RuntimeError('ffmpeg not found on PATH — required for clip + mux')
  FAILED #1: RuntimeError('ffmpeg not found on PATH — required for clip + mux')
  FAILED #7: RuntimeError('ffmpeg not found on PATH — required for clip + mux')
  FAILED #2: RuntimeError('ffmpeg not found on PATH — required for clip + mux')
  FAILED #3: RuntimeError('ffmpeg not found on PATH — required for clip + mux')
  FAILED #4: RuntimeError('ffmpeg not found on PATH — required for clip + mux')
  FAILED #5: RuntimeError('ffmpeg not found on PATH — required for clip + mux')
  FAILED #8: RuntimeError('ffmpeg not found on PATH — required for clip + mux')

===== DIG IG RUN: 2026-08-01 17:02:00 =====
--- propose ---
  FAILED #9: RuntimeError('ffmpeg not found on PATH — required for clip + mux')
already at target (5 suggested). Nothing to do.
--- resolve audio ---
nothing needs audio.
--- autoclip ---
  FAILED #10: RuntimeError('ffmpeg not found on PATH — required for clip + mux')
picked 0 window(s).
--- relabel from audio ---
  FAILED #11: RuntimeError('ffmpeg not found on PATH — required for clip + mux')
--- sync media to prod ---
media synced to root@91.99.188.232:/srv/dig/app/media/ig/
--- publish ---
nothing to re-label (use --force to redo).
--- render ---
nothing due to publish.
===== IG DONE: 2026-08-01 17:02:41 =====
  FAILED #6: RuntimeError('ffmpeg not found on PATH — required for clip + mux')
  FAILED #1: RuntimeError('ffmpeg not found on PATH — required for clip + mux')
  FAILED #7: RuntimeError('ffmpeg not found on PATH — required for clip + mux')
  FAILED #2: RuntimeError('ffmpeg not found on PATH — required for clip + mux')
  FAILED #3: RuntimeError('ffmpeg not found on PATH — required for clip + mux')
  FAILED #4: RuntimeError('ffmpeg not found on PATH — required for clip + mux')
  FAILED #5: RuntimeError('ffmpeg not found on PATH — required for clip + mux')
  FAILED #8: RuntimeError('ffmpeg not found on PATH — required for clip + mux')
  FAILED #9: RuntimeError('ffmpeg not found on PATH — required for clip + mux')
  FAILED #10: RuntimeError('ffmpeg not found on PATH — required for clip + mux')

===== DIG IG RUN: 2026-08-01 17:04:01 =====
--- propose ---
already at target (5 suggested). Nothing to do.
--- resolve audio ---
  FAILED #11: RuntimeError('ffmpeg not found on PATH — required for clip + mux')
--- sync media to prod ---
nothing needs audio.
--- autoclip ---
media synced to root@91.99.188.232:/srv/dig/app/media/ig/
--- publish ---
picked 0 window(s).
--- relabel from audio ---
nothing due to publish.
===== IG DONE: 2026-08-01 17:04:25 =====
nothing to re-label (use --force to redo).
--- render ---
  FAILED #1: RuntimeError('ffmpeg not found on PATH — required for clip + mux')
  FAILED #7: RuntimeError('ffmpeg not found on PATH — required for clip + mux')
  FAILED #2: RuntimeError('ffmpeg not found on PATH — required for clip + mux')
  FAILED #3: RuntimeError('ffmpeg not found on PATH — required for clip + mux')
  FAILED #4: RuntimeError('ffmpeg not found on PATH — required for clip + mux')
  FAILED #5: RuntimeError('ffmpeg not found on PATH — required for clip + mux')
  FAILED #6: RuntimeError('ffmpeg not found on PATH — required for clip + mux')
  FAILED #8: RuntimeError('ffmpeg not found on PATH — required for clip + mux')
  FAILED #9: RuntimeError('ffmpeg not found on PATH — required for clip + mux')
  FAILED #10: RuntimeError('ffmpeg not found on PATH — required for clip + mux')

===== DIG IG RUN: 2026-08-01 17:06:02 =====
--- propose ---
  FAILED #11: RuntimeError('ffmpeg not found on PATH — required for clip + mux')
--- sync media to prod ---
already at target (5 suggested). Nothing to do.
--- resolve audio ---
media synced to root@91.99.188.232:/srv/dig/app/media/ig/
--- publish ---
nothing needs audio.
--- autoclip ---
nothing due to publish.
===== IG DONE: 2026-08-01 17:06:18 =====
picked 0 window(s).
--- relabel from audio ---
nothing to re-label (use --force to redo).
--- render ---
  FAILED #3: RuntimeError('ffmpeg not found on PATH — required for clip + mux')
  FAILED #4: RuntimeError('ffmpeg not found on PATH — required for clip + mux')
  FAILED #5: RuntimeError('ffmpeg not found on PATH — required for clip + mux')
  FAILED #6: RuntimeError('ffmpeg not found on PATH — required for clip + mux')
  FAILED #1: RuntimeError('ffmpeg not found on PATH — required for clip + mux')
  FAILED #7: RuntimeError('ffmpeg not found on PATH — required for clip + mux')
  FAILED #2: RuntimeError('ffmpeg not found on PATH — required for clip + mux')
  FAILED #8: RuntimeError('ffmpeg not found on PATH — required for clip + mux')
  FAILED #9: RuntimeError('ffmpeg not found on PATH — required for clip + mux')

===== DIG IG RUN: 2026-08-01 17:08:01 =====
--- propose ---
already at target (5 suggested). Nothing to do.
--- resolve audio ---
  FAILED #10: RuntimeError('ffmpeg not found on PATH — required for clip + mux')
nothing needs audio.
--- autoclip ---
picked 0 window(s).
--- relabel from audio ---
  FAILED #11: RuntimeError('ffmpeg not found on PATH — required for clip + mux')
--- sync media to prod ---
media synced to root@91.99.188.232:/srv/dig/app/media/ig/
--- publish ---
nothing due to publish.
===== IG DONE: 2026-08-01 17:08:38 =====
nothing to re-label (use --force to redo).
--- render ---
  FAILED #1: RuntimeError('ffmpeg not found on PATH — required for clip + mux')
  FAILED #7: RuntimeError('ffmpeg not found on PATH — required for clip + mux')
  FAILED #2: RuntimeError('ffmpeg not found on PATH — required for clip + mux')
  FAILED #3: RuntimeError('ffmpeg not found on PATH — required for clip + mux')
  FAILED #4: RuntimeError('ffmpeg not found on PATH — required for clip + mux')
  FAILED #5: RuntimeError('ffmpeg not found on PATH — required for clip + mux')
  FAILED #6: RuntimeError('ffmpeg not found on PATH — required for clip + mux')
  FAILED #8: RuntimeError('ffmpeg not found on PATH — required for clip + mux')
  FAILED #9: RuntimeError('ffmpeg not found on PATH — required for clip + mux')

===== DIG IG RUN: 2026-08-01 17:10:01 =====
--- propose ---
  FAILED #10: RuntimeError('ffmpeg not found on PATH — required for clip + mux')
already at target (5 suggested). Nothing to do.
--- resolve audio ---
nothing needs audio.
--- autoclip ---
  FAILED #11: RuntimeError('ffmpeg not found on PATH — required for clip + mux')
--- sync media to prod ---
picked 0 window(s).
--- relabel from audio ---
media synced to root@91.99.188.232:/srv/dig/app/media/ig/
--- publish ---
nothing due to publish.
===== IG DONE: 2026-08-01 17:10:30 =====
nothing to re-label (use --force to redo).
--- render ---
  FAILED #6: RuntimeError('ffmpeg not found on PATH — required for clip + mux')
  FAILED #1: RuntimeError('ffmpeg not found on PATH — required for clip + mux')
  FAILED #7: RuntimeError('ffmpeg not found on PATH — required for clip + mux')
  FAILED #2: RuntimeError('ffmpeg not found on PATH — required for clip + mux')
  FAILED #3: RuntimeError('ffmpeg not found on PATH — required for clip + mux')
  FAILED #4: RuntimeError('ffmpeg not found on PATH — required for clip + mux')
  FAILED #5: RuntimeError('ffmpeg not found on PATH — required for clip + mux')
  FAILED #11: RuntimeError('ffmpeg not found on PATH — required for clip + mux')
  FAILED #8: RuntimeError('ffmpeg not found on PATH — required for clip + mux')
  FAILED #9: RuntimeError('ffmpeg not found on PATH — required for clip + mux')

===== DIG IG RUN: 2026-08-01 17:12:01 =====
--- propose ---
  FAILED #10: RuntimeError('ffmpeg not found on PATH — required for clip + mux')
--- sync media to prod ---
already at target (5 suggested). Nothing to do.
--- resolve audio ---
nothing needs audio.
--- autoclip ---
media synced to root@91.99.188.232:/srv/dig/app/media/ig/
--- publish ---
picked 0 window(s).
--- relabel from audio ---
nothing due to publish.
===== IG DONE: 2026-08-01 17:12:20 =====
nothing to re-label (use --force to redo).
--- render ---
  FAILED #6: RuntimeError('ffmpeg not found on PATH — required for clip + mux')
  FAILED #1: RuntimeError('ffmpeg not found on PATH — required for clip + mux')
  FAILED #7: RuntimeError('ffmpeg not found on PATH — required for clip + mux')
  FAILED #2: RuntimeError('ffmpeg not found on PATH — required for clip + mux')
  FAILED #3: RuntimeError('ffmpeg not found on PATH — required for clip + mux')
  FAILED #4: RuntimeError('ffmpeg not found on PATH — required for clip + mux')
  FAILED #5: RuntimeError('ffmpeg not found on PATH — required for clip + mux')
  FAILED #11: RuntimeError('ffmpeg not found on PATH — required for clip + mux')
  FAILED #8: RuntimeError('ffmpeg not found on PATH — required for clip + mux')
  FAILED #9: RuntimeError('ffmpeg not found on PATH — required for clip + mux')

===== DIG IG RUN: 2026-08-01 17:14:01 =====
--- propose ---
  FAILED #10: RuntimeError('ffmpeg not found on PATH — required for clip + mux')
--- sync media to prod ---
already at target (5 suggested). Nothing to do.
--- resolve audio ---
media synced to root@91.99.188.232:/srv/dig/app/media/ig/
--- publish ---
nothing needs audio.
--- autoclip ---
nothing due to publish.
===== IG DONE: 2026-08-01 17:14:15 =====
picked 0 window(s).
--- relabel from audio ---
nothing to re-label (use --force to redo).
--- render ---
  FAILED #6: RuntimeError('ffmpeg not found on PATH — required for clip + mux')
  FAILED #1: RuntimeError('ffmpeg not found on PATH — required for clip + mux')
  FAILED #7: RuntimeError('ffmpeg not found on PATH — required for clip + mux')
  FAILED #2: RuntimeError('ffmpeg not found on PATH — required for clip + mux')
  FAILED #3: RuntimeError('ffmpeg not found on PATH — required for clip + mux')
  FAILED #4: RuntimeError('ffmpeg not found on PATH — required for clip + mux')
  FAILED #5: RuntimeError('ffmpeg not found on PATH — required for clip + mux')
  FAILED #11: RuntimeError('ffmpeg not found on PATH — required for clip + mux')
  FAILED #8: RuntimeError('ffmpeg not found on PATH — required for clip + mux')
  FAILED #9: RuntimeError('ffmpeg not found on PATH — required for clip + mux')

===== DIG IG RUN: 2026-08-01 17:16:01 =====
--- propose ---
  FAILED #10: RuntimeError('ffmpeg not found on PATH — required for clip + mux')
--- sync media to prod ---
already at target (5 suggested). Nothing to do.
--- resolve audio ---
media synced to root@91.99.188.232:/srv/dig/app/media/ig/
--- publish ---
nothing needs audio.
--- autoclip ---
nothing due to publish.
===== IG DONE: 2026-08-01 17:16:16 =====
picked 0 window(s).
--- relabel from audio ---
nothing to re-label (use --force to redo).
--- render ---
  FAILED #1: RuntimeError('ffmpeg not found on PATH — required for clip + mux')
  FAILED #7: RuntimeError('ffmpeg not found on PATH — required for clip + mux')
  FAILED #2: RuntimeError('ffmpeg not found on PATH — required for clip + mux')
  FAILED #3: RuntimeError('ffmpeg not found on PATH — required for clip + mux')
  FAILED #4: RuntimeError('ffmpeg not found on PATH — required for clip + mux')
  FAILED #5: RuntimeError('ffmpeg not found on PATH — required for clip + mux')
  FAILED #6: RuntimeError('ffmpeg not found on PATH — required for clip + mux')
  FAILED #9: RuntimeError('ffmpeg not found on PATH — required for clip + mux')
  FAILED #10: RuntimeError('ffmpeg not found on PATH — required for clip + mux')
  FAILED #11: RuntimeError('ffmpeg not found on PATH — required for clip + mux')

===== DIG IG RUN: 2026-08-01 17:18:01 =====
--- propose ---
  FAILED #8: RuntimeError('ffmpeg not found on PATH — required for clip + mux')
--- sync media to prod ---
already at target (5 suggested). Nothing to do.
--- resolve audio ---
media synced to root@91.99.188.232:/srv/dig/app/media/ig/
--- publish ---
nothing needs audio.
--- autoclip ---
nothing due to publish.
===== IG DONE: 2026-08-01 17:18:14 =====
picked 0 window(s).
--- relabel from audio ---
nothing to re-label (use --force to redo).
--- render ---
  FAILED #3: RuntimeError('ffmpeg not found on PATH — required for clip + mux')
  FAILED #4: RuntimeError('ffmpeg not found on PATH — required for clip + mux')
  FAILED #5: RuntimeError('ffmpeg not found on PATH — required for clip + mux')
  FAILED #6: RuntimeError('ffmpeg not found on PATH — required for clip + mux')
  FAILED #1: RuntimeError('ffmpeg not found on PATH — required for clip + mux')
  FAILED #7: RuntimeError('ffmpeg not found on PATH — required for clip + mux')
  FAILED #2: RuntimeError('ffmpeg not found on PATH — required for clip + mux')
  FAILED #9: RuntimeError('ffmpeg not found on PATH — required for clip + mux')
  FAILED #10: RuntimeError('ffmpeg not found on PATH — required for clip + mux')
  FAILED #11: RuntimeError('ffmpeg not found on PATH — required for clip + mux')

===== DIG IG RUN: 2026-08-01 17:20:01 =====
--- propose ---
  FAILED #8: RuntimeError('ffmpeg not found on PATH — required for clip + mux')
--- sync media to prod ---
already at target (5 suggested). Nothing to do.
--- resolve audio ---
media synced to root@91.99.188.232:/srv/dig/app/media/ig/
--- publish ---
nothing needs audio.
--- autoclip ---
nothing due to publish.
===== IG DONE: 2026-08-01 17:20:15 =====
picked 0 window(s).
--- relabel from audio ---
nothing to re-label (use --force to redo).
--- render ---
  FAILED #1: RuntimeError('ffmpeg not found on PATH — required for clip + mux')
  FAILED #7: RuntimeError('ffmpeg not found on PATH — required for clip + mux')
  FAILED #2: RuntimeError('ffmpeg not found on PATH — required for clip + mux')
  FAILED #3: RuntimeError('ffmpeg not found on PATH — required for clip + mux')
  FAILED #4: RuntimeError('ffmpeg not found on PATH — required for clip + mux')
  FAILED #5: RuntimeError('ffmpeg not found on PATH — required for clip + mux')
  FAILED #6: RuntimeError('ffmpeg not found on PATH — required for clip + mux')
  FAILED #9: RuntimeError('ffmpeg not found on PATH — required for clip + mux')
  FAILED #10: RuntimeError('ffmpeg not found on PATH — required for clip + mux')
  FAILED #11: RuntimeError('ffmpeg not found on PATH — required for clip + mux')

===== DIG IG RUN: 2026-08-01 17:22:01 =====
--- propose ---
  FAILED #8: RuntimeError('ffmpeg not found on PATH — required for clip + mux')
--- sync media to prod ---
already at target (5 suggested). Nothing to do.
--- resolve audio ---
media synced to root@91.99.188.232:/srv/dig/app/media/ig/
--- publish ---
nothing needs audio.
--- autoclip ---
nothing due to publish.
===== IG DONE: 2026-08-01 17:22:15 =====
picked 0 window(s).
--- relabel from audio ---
nothing to re-label (use --force to redo).
--- render ---
  FAILED #6: RuntimeError('ffmpeg not found on PATH — required for clip + mux')
  FAILED #1: RuntimeError('ffmpeg not found on PATH — required for clip + mux')
  FAILED #7: RuntimeError('ffmpeg not found on PATH — required for clip + mux')
  FAILED #2: RuntimeError('ffmpeg not found on PATH — required for clip + mux')
  FAILED #3: RuntimeError('ffmpeg not found on PATH — required for clip + mux')
  FAILED #4: RuntimeError('ffmpeg not found on PATH — required for clip + mux')
  FAILED #5: RuntimeError('ffmpeg not found on PATH — required for clip + mux')
  FAILED #10: RuntimeError('ffmpeg not found on PATH — required for clip + mux')
  FAILED #11: RuntimeError('ffmpeg not found on PATH — required for clip + mux')
  FAILED #8: RuntimeError('ffmpeg not found on PATH — required for clip + mux')

===== DIG IG RUN: 2026-08-01 17:24:00 =====
--- propose ---
  FAILED #9: RuntimeError('ffmpeg not found on PATH — required for clip + mux')
--- sync media to prod ---
already at target (5 suggested). Nothing to do.
--- resolve audio ---
media synced to root@91.99.188.232:/srv/dig/app/media/ig/
--- publish ---
nothing needs audio.
--- autoclip ---
nothing due to publish.
===== IG DONE: 2026-08-01 17:24:16 =====
picked 0 window(s).
--- relabel from audio ---
nothing to re-label (use --force to redo).
--- render ---
  FAILED #6: RuntimeError('ffmpeg not found on PATH — required for clip + mux')
  FAILED #1: RuntimeError('ffmpeg not found on PATH — required for clip + mux')
  FAILED #7: RuntimeError('ffmpeg not found on PATH — required for clip + mux')
  FAILED #2: RuntimeError('ffmpeg not found on PATH — required for clip + mux')
  FAILED #3: RuntimeError('ffmpeg not found on PATH — required for clip + mux')
  FAILED #4: RuntimeError('ffmpeg not found on PATH — required for clip + mux')
  FAILED #5: RuntimeError('ffmpeg not found on PATH — required for clip + mux')
  FAILED #10: RuntimeError('ffmpeg not found on PATH — required for clip + mux')
  FAILED #11: RuntimeError('ffmpeg not found on PATH — required for clip + mux')
  FAILED #8: RuntimeError('ffmpeg not found on PATH — required for clip + mux')

===== DIG IG RUN: 2026-08-01 17:26:01 =====
--- propose ---
  FAILED #9: RuntimeError('ffmpeg not found on PATH — required for clip + mux')
--- sync media to prod ---
already at target (5 suggested). Nothing to do.
--- resolve audio ---
nothing needs audio.
--- autoclip ---
media synced to root@91.99.188.232:/srv/dig/app/media/ig/
--- publish ---
picked 0 window(s).
--- relabel from audio ---
nothing due to publish.
===== IG DONE: 2026-08-01 17:26:18 =====
nothing to re-label (use --force to redo).
--- render ---
  FAILED #6: RuntimeError('ffmpeg not found on PATH — required for clip + mux')
  FAILED #1: RuntimeError('ffmpeg not found on PATH — required for clip + mux')
  FAILED #7: RuntimeError('ffmpeg not found on PATH — required for clip + mux')
  FAILED #2: RuntimeError('ffmpeg not found on PATH — required for clip + mux')
  FAILED #3: RuntimeError('ffmpeg not found on PATH — required for clip + mux')
  FAILED #4: RuntimeError('ffmpeg not found on PATH — required for clip + mux')
  FAILED #5: RuntimeError('ffmpeg not found on PATH — required for clip + mux')
  FAILED #10: RuntimeError('ffmpeg not found on PATH — required for clip + mux')
  FAILED #11: RuntimeError('ffmpeg not found on PATH — required for clip + mux')
  FAILED #8: RuntimeError('ffmpeg not found on PATH — required for clip + mux')
  FAILED #9: RuntimeError('ffmpeg not found on PATH — required for clip + mux')
--- sync media to prod ---

===== DIG IG RUN: 2026-08-01 17:28:01 =====
--- propose ---
already at target (5 suggested). Nothing to do.
--- resolve audio ---
media synced to root@91.99.188.232:/srv/dig/app/media/ig/
--- publish ---
nothing needs audio.
--- autoclip ---
nothing due to publish.
===== IG DONE: 2026-08-01 17:28:13 =====
picked 0 window(s).
--- relabel from audio ---
nothing to re-label (use --force to redo).
--- render ---
  FAILED #1: RuntimeError('ffmpeg not found on PATH — required for clip + mux')
  FAILED #7: RuntimeError('ffmpeg not found on PATH — required for clip + mux')
  FAILED #2: RuntimeError('ffmpeg not found on PATH — required for clip + mux')
  FAILED #3: RuntimeError('ffmpeg not found on PATH — required for clip + mux')
  FAILED #4: RuntimeError('ffmpeg not found on PATH — required for clip + mux')
  FAILED #5: RuntimeError('ffmpeg not found on PATH — required for clip + mux')
  FAILED #6: RuntimeError('ffmpeg not found on PATH — required for clip + mux')
  FAILED #10: RuntimeError('ffmpeg not found on PATH — required for clip + mux')
  FAILED #11: RuntimeError('ffmpeg not found on PATH — required for clip + mux')
  FAILED #8: RuntimeError('ffmpeg not found on PATH — required for clip + mux')

===== DIG IG RUN: 2026-08-01 17:30:01 =====
--- propose ---
  FAILED #9: RuntimeError('ffmpeg not found on PATH — required for clip + mux')
--- sync media to prod ---
already at target (5 suggested). Nothing to do.
--- resolve audio ---
media synced to root@91.99.188.232:/srv/dig/app/media/ig/
--- publish ---
nothing needs audio.
--- autoclip ---
nothing due to publish.
===== IG DONE: 2026-08-01 17:30:18 =====
picked 0 window(s).
--- relabel from audio ---
nothing to re-label (use --force to redo).
--- render ---
  FAILED #3: RuntimeError('ffmpeg not found on PATH — required for clip + mux')
  FAILED #4: RuntimeError('ffmpeg not found on PATH — required for clip + mux')
  FAILED #5: RuntimeError('ffmpeg not found on PATH — required for clip + mux')
  FAILED #6: RuntimeError('ffmpeg not found on PATH — required for clip + mux')
  FAILED #1: RuntimeError('ffmpeg not found on PATH — required for clip + mux')
  FAILED #7: RuntimeError('ffmpeg not found on PATH — required for clip + mux')
  FAILED #2: RuntimeError('ffmpeg not found on PATH — required for clip + mux')
  FAILED #10: RuntimeError('ffmpeg not found on PATH — required for clip + mux')
  FAILED #11: RuntimeError('ffmpeg not found on PATH — required for clip + mux')
  FAILED #8: RuntimeError('ffmpeg not found on PATH — required for clip + mux')

===== DIG IG RUN: 2026-08-01 17:32:01 =====
--- propose ---
  FAILED #9: RuntimeError('ffmpeg not found on PATH — required for clip + mux')
--- sync media to prod ---
already at target (5 suggested). Nothing to do.
--- resolve audio ---
media synced to root@91.99.188.232:/srv/dig/app/media/ig/
--- publish ---
nothing needs audio.
--- autoclip ---
nothing due to publish.
===== IG DONE: 2026-08-01 17:32:15 =====
picked 0 window(s).
--- relabel from audio ---
nothing to re-label (use --force to redo).
--- render ---
  FAILED #1: RuntimeError('ffmpeg not found on PATH — required for clip + mux')
  FAILED #7: RuntimeError('ffmpeg not found on PATH — required for clip + mux')
  FAILED #2: RuntimeError('ffmpeg not found on PATH — required for clip + mux')
  FAILED #3: RuntimeError('ffmpeg not found on PATH — required for clip + mux')
  FAILED #4: RuntimeError('ffmpeg not found on PATH — required for clip + mux')
  FAILED #5: RuntimeError('ffmpeg not found on PATH — required for clip + mux')
  FAILED #6: RuntimeError('ffmpeg not found on PATH — required for clip + mux')
  FAILED #9: RuntimeError('ffmpeg not found on PATH — required for clip + mux')
  FAILED #10: RuntimeError('ffmpeg not found on PATH — required for clip + mux')
  FAILED #11: RuntimeError('ffmpeg not found on PATH — required for clip + mux')
  FAILED #8: RuntimeError('ffmpeg not found on PATH — required for clip + mux')
--- sync media to prod ---

===== DIG IG RUN: 2026-08-01 17:34:01 =====
--- propose ---
media synced to root@91.99.188.232:/srv/dig/app/media/ig/
--- publish ---
already at target (5 suggested). Nothing to do.
--- resolve audio ---
nothing due to publish.
===== IG DONE: 2026-08-01 17:34:11 =====
nothing needs audio.
--- autoclip ---
picked 0 window(s).
--- relabel from audio ---
nothing to re-label (use --force to redo).
--- render ---
  FAILED #6: RuntimeError('ffmpeg not found on PATH — required for clip + mux')
  FAILED #1: RuntimeError('ffmpeg not found on PATH — required for clip + mux')
  FAILED #7: RuntimeError('ffmpeg not found on PATH — required for clip + mux')
  FAILED #2: RuntimeError('ffmpeg not found on PATH — required for clip + mux')
  FAILED #3: RuntimeError('ffmpeg not found on PATH — required for clip + mux')
  FAILED #4: RuntimeError('ffmpeg not found on PATH — required for clip + mux')
  FAILED #5: RuntimeError('ffmpeg not found on PATH — required for clip + mux')
  FAILED #9: RuntimeError('ffmpeg not found on PATH — required for clip + mux')
  FAILED #10: RuntimeError('ffmpeg not found on PATH — required for clip + mux')
  FAILED #11: RuntimeError('ffmpeg not found on PATH — required for clip + mux')

===== DIG IG RUN: 2026-08-01 17:36:01 =====
--- propose ---
  FAILED #8: RuntimeError('ffmpeg not found on PATH — required for clip + mux')
--- sync media to prod ---
already at target (5 suggested). Nothing to do.
--- resolve audio ---
media synced to root@91.99.188.232:/srv/dig/app/media/ig/
--- publish ---
nothing needs audio.
--- autoclip ---
nothing due to publish.
===== IG DONE: 2026-08-01 17:36:17 =====
picked 0 window(s).
--- relabel from audio ---
nothing to re-label (use --force to redo).
--- render ---
  FAILED #6: RuntimeError('ffmpeg not found on PATH — required for clip + mux')
  FAILED #1: RuntimeError('ffmpeg not found on PATH — required for clip + mux')
  FAILED #7: RuntimeError('ffmpeg not found on PATH — required for clip + mux')
  FAILED #2: RuntimeError('ffmpeg not found on PATH — required for clip + mux')
  FAILED #3: RuntimeError('ffmpeg not found on PATH — required for clip + mux')
  FAILED #4: RuntimeError('ffmpeg not found on PATH — required for clip + mux')
  FAILED #5: RuntimeError('ffmpeg not found on PATH — required for clip + mux')
  FAILED #9: RuntimeError('ffmpeg not found on PATH — required for clip + mux')
  FAILED #10: RuntimeError('ffmpeg not found on PATH — required for clip + mux')
  FAILED #11: RuntimeError('ffmpeg not found on PATH — required for clip + mux')
  FAILED #8: RuntimeError('ffmpeg not found on PATH — required for clip + mux')
--- sync media to prod ---

===== DIG IG RUN: 2026-08-01 17:38:01 =====
--- propose ---
already at target (5 suggested). Nothing to do.
--- resolve audio ---
media synced to root@91.99.188.232:/srv/dig/app/media/ig/
--- publish ---
nothing needs audio.
--- autoclip ---
nothing due to publish.
===== IG DONE: 2026-08-01 17:38:14 =====
picked 0 window(s).
--- relabel from audio ---
nothing to re-label (use --force to redo).
--- render ---
  FAILED #6: RuntimeError('ffmpeg not found on PATH — required for clip + mux')
  FAILED #1: RuntimeError('ffmpeg not found on PATH — required for clip + mux')
  FAILED #7: RuntimeError('ffmpeg not found on PATH — required for clip + mux')
  FAILED #2: RuntimeError('ffmpeg not found on PATH — required for clip + mux')
  FAILED #3: RuntimeError('ffmpeg not found on PATH — required for clip + mux')
  FAILED #4: RuntimeError('ffmpeg not found on PATH — required for clip + mux')
  FAILED #5: RuntimeError('ffmpeg not found on PATH — required for clip + mux')
  FAILED #11: RuntimeError('ffmpeg not found on PATH — required for clip + mux')
  FAILED #8: RuntimeError('ffmpeg not found on PATH — required for clip + mux')
  FAILED #9: RuntimeError('ffmpeg not found on PATH — required for clip + mux')
  FAILED #10: RuntimeError('ffmpeg not found on PATH — required for clip + mux')
--- sync media to prod ---

===== DIG IG RUN: 2026-08-01 17:40:01 =====
--- propose ---
already at target (5 suggested). Nothing to do.
--- resolve audio ---
media synced to root@91.99.188.232:/srv/dig/app/media/ig/
--- publish ---
nothing needs audio.
--- autoclip ---
nothing due to publish.
===== IG DONE: 2026-08-01 17:40:12 =====
picked 0 window(s).
--- relabel from audio ---
nothing to re-label (use --force to redo).
--- render ---
  FAILED #1: RuntimeError('ffmpeg not found on PATH — required for clip + mux')
  FAILED #7: RuntimeError('ffmpeg not found on PATH — required for clip + mux')
  FAILED #2: RuntimeError('ffmpeg not found on PATH — required for clip + mux')
  FAILED #3: RuntimeError('ffmpeg not found on PATH — required for clip + mux')
  FAILED #4: RuntimeError('ffmpeg not found on PATH — required for clip + mux')
  FAILED #5: RuntimeError('ffmpeg not found on PATH — required for clip + mux')
  FAILED #6: RuntimeError('ffmpeg not found on PATH — required for clip + mux')
  FAILED #11: RuntimeError('ffmpeg not found on PATH — required for clip + mux')
  FAILED #8: RuntimeError('ffmpeg not found on PATH — required for clip + mux')
  FAILED #9: RuntimeError('ffmpeg not found on PATH — required for clip + mux')
  FAILED #10: RuntimeError('ffmpeg not found on PATH — required for clip + mux')
--- sync media to prod ---

===== DIG IG RUN: 2026-08-01 17:42:01 =====
--- propose ---
media synced to root@91.99.188.232:/srv/dig/app/media/ig/
--- publish ---
already at target (5 suggested). Nothing to do.
--- resolve audio ---
nothing due to publish.
===== IG DONE: 2026-08-01 17:42:13 =====
nothing needs audio.
--- autoclip ---
picked 0 window(s).
--- relabel from audio ---
nothing to re-label (use --force to redo).
--- render ---
  FAILED #3: RuntimeError('ffmpeg not found on PATH — required for clip + mux')
  FAILED #4: RuntimeError('ffmpeg not found on PATH — required for clip + mux')
  FAILED #5: RuntimeError('ffmpeg not found on PATH — required for clip + mux')
  FAILED #6: RuntimeError('ffmpeg not found on PATH — required for clip + mux')
  FAILED #1: RuntimeError('ffmpeg not found on PATH — required for clip + mux')
  FAILED #7: RuntimeError('ffmpeg not found on PATH — required for clip + mux')
  FAILED #2: RuntimeError('ffmpeg not found on PATH — required for clip + mux')
  FAILED #11: RuntimeError('ffmpeg not found on PATH — required for clip + mux')
  FAILED #8: RuntimeError('ffmpeg not found on PATH — required for clip + mux')
  FAILED #9: RuntimeError('ffmpeg not found on PATH — required for clip + mux')

===== DIG IG RUN: 2026-08-01 17:44:00 =====
--- propose ---
already at target (5 suggested). Nothing to do.
--- resolve audio ---
  FAILED #10: RuntimeError('ffmpeg not found on PATH — required for clip + mux')
--- sync media to prod ---
nothing needs audio.
--- autoclip ---
media synced to root@91.99.188.232:/srv/dig/app/media/ig/
--- publish ---
picked 0 window(s).
--- relabel from audio ---
nothing due to publish.
===== IG DONE: 2026-08-01 17:44:21 =====
nothing to re-label (use --force to redo).
--- render ---
  FAILED #1: RuntimeError('ffmpeg not found on PATH — required for clip + mux')
  FAILED #7: RuntimeError('ffmpeg not found on PATH — required for clip + mux')
  FAILED #2: RuntimeError('ffmpeg not found on PATH — required for clip + mux')
  FAILED #3: RuntimeError('ffmpeg not found on PATH — required for clip + mux')
  FAILED #4: RuntimeError('ffmpeg not found on PATH — required for clip + mux')
  FAILED #5: RuntimeError('ffmpeg not found on PATH — required for clip + mux')
  FAILED #6: RuntimeError('ffmpeg not found on PATH — required for clip + mux')
  FAILED #8: RuntimeError('ffmpeg not found on PATH — required for clip + mux')
  FAILED #9: RuntimeError('ffmpeg not found on PATH — required for clip + mux')
  FAILED #10: RuntimeError('ffmpeg not found on PATH — required for clip + mux')

===== DIG IG RUN: 2026-08-01 17:46:01 =====
--- propose ---
  FAILED #11: RuntimeError('ffmpeg not found on PATH — required for clip + mux')
--- sync media to prod ---
already at target (5 suggested). Nothing to do.
--- resolve audio ---
media synced to root@91.99.188.232:/srv/dig/app/media/ig/
--- publish ---
nothing needs audio.
--- autoclip ---
nothing due to publish.
===== IG DONE: 2026-08-01 17:46:16 =====
picked 0 window(s).
--- relabel from audio ---
nothing to re-label (use --force to redo).
--- render ---
  FAILED #6: RuntimeError('ffmpeg not found on PATH — required for clip + mux')
  FAILED #1: RuntimeError('ffmpeg not found on PATH — required for clip + mux')
  FAILED #7: RuntimeError('ffmpeg not found on PATH — required for clip + mux')
  FAILED #2: RuntimeError('ffmpeg not found on PATH — required for clip + mux')
  FAILED #3: RuntimeError('ffmpeg not found on PATH — required for clip + mux')
  FAILED #4: RuntimeError('ffmpeg not found on PATH — required for clip + mux')
  FAILED #5: RuntimeError('ffmpeg not found on PATH — required for clip + mux')
  FAILED #8: RuntimeError('ffmpeg not found on PATH — required for clip + mux')
  FAILED #9: RuntimeError('ffmpeg not found on PATH — required for clip + mux')
  FAILED #10: RuntimeError('ffmpeg not found on PATH — required for clip + mux')

===== DIG IG RUN: 2026-08-01 17:48:01 =====
--- propose ---
  FAILED #11: RuntimeError('ffmpeg not found on PATH — required for clip + mux')
--- sync media to prod ---
already at target (5 suggested). Nothing to do.
--- resolve audio ---
nothing needs audio.
--- autoclip ---
media synced to root@91.99.188.232:/srv/dig/app/media/ig/
--- publish ---
picked 0 window(s).
--- relabel from audio ---
nothing due to publish.
===== IG DONE: 2026-08-01 17:48:18 =====
nothing to re-label (use --force to redo).
--- render ---
  FAILED #6: RuntimeError('ffmpeg not found on PATH — required for clip + mux')
  FAILED #1: RuntimeError('ffmpeg not found on PATH — required for clip + mux')
  FAILED #7: RuntimeError('ffmpeg not found on PATH — required for clip + mux')
  FAILED #2: RuntimeError('ffmpeg not found on PATH — required for clip + mux')
  FAILED #3: RuntimeError('ffmpeg not found on PATH — required for clip + mux')
  FAILED #4: RuntimeError('ffmpeg not found on PATH — required for clip + mux')
  FAILED #5: RuntimeError('ffmpeg not found on PATH — required for clip + mux')
  FAILED #8: RuntimeError('ffmpeg not found on PATH — required for clip + mux')
  FAILED #9: RuntimeError('ffmpeg not found on PATH — required for clip + mux')
  FAILED #10: RuntimeError('ffmpeg not found on PATH — required for clip + mux')

===== DIG IG RUN: 2026-08-01 17:50:01 =====
--- propose ---
  FAILED #11: RuntimeError('ffmpeg not found on PATH — required for clip + mux')
--- sync media to prod ---
already at target (5 suggested). Nothing to do.
--- resolve audio ---
media synced to root@91.99.188.232:/srv/dig/app/media/ig/
--- publish ---
nothing needs audio.
--- autoclip ---
nothing due to publish.
===== IG DONE: 2026-08-01 17:50:14 =====
picked 0 window(s).
--- relabel from audio ---
nothing to re-label (use --force to redo).
--- render ---
  FAILED #6: RuntimeError('ffmpeg not found on PATH — required for clip + mux')
  FAILED #1: RuntimeError('ffmpeg not found on PATH — required for clip + mux')
  FAILED #7: RuntimeError('ffmpeg not found on PATH — required for clip + mux')
  FAILED #2: RuntimeError('ffmpeg not found on PATH — required for clip + mux')
  FAILED #3: RuntimeError('ffmpeg not found on PATH — required for clip + mux')
  FAILED #4: RuntimeError('ffmpeg not found on PATH — required for clip + mux')
  FAILED #5: RuntimeError('ffmpeg not found on PATH — required for clip + mux')
  FAILED #8: RuntimeError('ffmpeg not found on PATH — required for clip + mux')
  FAILED #9: RuntimeError('ffmpeg not found on PATH — required for clip + mux')
  FAILED #10: RuntimeError('ffmpeg not found on PATH — required for clip + mux')
  FAILED #11: RuntimeError('ffmpeg not found on PATH — required for clip + mux')
--- sync media to prod ---

===== DIG IG RUN: 2026-08-01 17:52:01 =====
--- propose ---
media synced to root@91.99.188.232:/srv/dig/app/media/ig/
--- publish ---
already at target (5 suggested). Nothing to do.
--- resolve audio ---
nothing due to publish.
===== IG DONE: 2026-08-01 17:52:13 =====
nothing needs audio.
--- autoclip ---
picked 0 window(s).
--- relabel from audio ---
nothing to re-label (use --force to redo).
--- render ---
  FAILED #1: RuntimeError('ffmpeg not found on PATH — required for clip + mux')
  FAILED #7: RuntimeError('ffmpeg not found on PATH — required for clip + mux')
  FAILED #2: RuntimeError('ffmpeg not found on PATH — required for clip + mux')
  FAILED #3: RuntimeError('ffmpeg not found on PATH — required for clip + mux')
  FAILED #4: RuntimeError('ffmpeg not found on PATH — required for clip + mux')
  FAILED #5: RuntimeError('ffmpeg not found on PATH — required for clip + mux')
  FAILED #6: RuntimeError('ffmpeg not found on PATH — required for clip + mux')
  FAILED #8: RuntimeError('ffmpeg not found on PATH — required for clip + mux')
  FAILED #9: RuntimeError('ffmpeg not found on PATH — required for clip + mux')
  FAILED #10: RuntimeError('ffmpeg not found on PATH — required for clip + mux')
  FAILED #11: RuntimeError('ffmpeg not found on PATH — required for clip + mux')
--- sync media to prod ---

===== DIG IG RUN: 2026-08-01 17:54:01 =====
--- propose ---
media synced to root@91.99.188.232:/srv/dig/app/media/ig/
--- publish ---
already at target (5 suggested). Nothing to do.
--- resolve audio ---
nothing due to publish.
===== IG DONE: 2026-08-01 17:54:12 =====
nothing needs audio.
--- autoclip ---
picked 0 window(s).
--- relabel from audio ---
nothing to re-label (use --force to redo).
--- render ---
  FAILED #3: RuntimeError('ffmpeg not found on PATH — required for clip + mux')
  FAILED #4: RuntimeError('ffmpeg not found on PATH — required for clip + mux')
  FAILED #5: RuntimeError('ffmpeg not found on PATH — required for clip + mux')
  FAILED #6: RuntimeError('ffmpeg not found on PATH — required for clip + mux')
  FAILED #1: RuntimeError('ffmpeg not found on PATH — required for clip + mux')
  FAILED #7: RuntimeError('ffmpeg not found on PATH — required for clip + mux')
  FAILED #2: RuntimeError('ffmpeg not found on PATH — required for clip + mux')
  FAILED #11: RuntimeError('ffmpeg not found on PATH — required for clip + mux')
  FAILED #8: RuntimeError('ffmpeg not found on PATH — required for clip + mux')
  FAILED #9: RuntimeError('ffmpeg not found on PATH — required for clip + mux')
  FAILED #10: RuntimeError('ffmpeg not found on PATH — required for clip + mux')
--- sync media to prod ---

===== DIG IG RUN: 2026-08-01 17:56:01 =====
--- propose ---
already at target (5 suggested). Nothing to do.
--- resolve audio ---
media synced to root@91.99.188.232:/srv/dig/app/media/ig/
--- publish ---
nothing needs audio.
--- autoclip ---
nothing due to publish.
===== IG DONE: 2026-08-01 17:56:12 =====
picked 0 window(s).
--- relabel from audio ---
nothing to re-label (use --force to redo).
--- render ---
  FAILED #1: RuntimeError('ffmpeg not found on PATH — required for clip + mux')
  FAILED #7: RuntimeError('ffmpeg not found on PATH — required for clip + mux')
  FAILED #2: RuntimeError('ffmpeg not found on PATH — required for clip + mux')
  FAILED #3: RuntimeError('ffmpeg not found on PATH — required for clip + mux')
  FAILED #4: RuntimeError('ffmpeg not found on PATH — required for clip + mux')
  FAILED #5: RuntimeError('ffmpeg not found on PATH — required for clip + mux')
  FAILED #6: RuntimeError('ffmpeg not found on PATH — required for clip + mux')
  FAILED #11: RuntimeError('ffmpeg not found on PATH — required for clip + mux')
  FAILED #8: RuntimeError('ffmpeg not found on PATH — required for clip + mux')
  FAILED #9: RuntimeError('ffmpeg not found on PATH — required for clip + mux')
  FAILED #10: RuntimeError('ffmpeg not found on PATH — required for clip + mux')
--- sync media to prod ---

===== DIG IG RUN: 2026-08-01 17:58:00 =====
--- propose ---
media synced to root@91.99.188.232:/srv/dig/app/media/ig/
--- publish ---
already at target (5 suggested). Nothing to do.
--- resolve audio ---
nothing due to publish.
===== IG DONE: 2026-08-01 17:58:09 =====
nothing needs audio.
--- autoclip ---
picked 0 window(s).
--- relabel from audio ---
nothing to re-label (use --force to redo).
--- render ---
  FAILED #6: RuntimeError('ffmpeg not found on PATH — required for clip + mux')
  FAILED #1: RuntimeError('ffmpeg not found on PATH — required for clip + mux')
  FAILED #7: RuntimeError('ffmpeg not found on PATH — required for clip + mux')
  FAILED #2: RuntimeError('ffmpeg not found on PATH — required for clip + mux')
  FAILED #3: RuntimeError('ffmpeg not found on PATH — required for clip + mux')
  FAILED #4: RuntimeError('ffmpeg not found on PATH — required for clip + mux')
  FAILED #5: RuntimeError('ffmpeg not found on PATH — required for clip + mux')
  FAILED #11: RuntimeError('ffmpeg not found on PATH — required for clip + mux')
  FAILED #8: RuntimeError('ffmpeg not found on PATH — required for clip + mux')
  FAILED #9: RuntimeError('ffmpeg not found on PATH — required for clip + mux')

===== DIG IG RUN: 2026-08-01 18:00:01 =====
--- propose ---
  FAILED #10: RuntimeError('ffmpeg not found on PATH — required for clip + mux')
--- sync media to prod ---
already at target (5 suggested). Nothing to do.
--- resolve audio ---
nothing needs audio.
--- autoclip ---
media synced to root@91.99.188.232:/srv/dig/app/media/ig/
--- publish ---
picked 0 window(s).
--- relabel from audio ---
nothing due to publish.
===== IG DONE: 2026-08-01 18:00:19 =====
nothing to re-label (use --force to redo).
--- render ---
  FAILED #6: RuntimeError('ffmpeg not found on PATH — required for clip + mux')
  FAILED #1: RuntimeError('ffmpeg not found on PATH — required for clip + mux')
  FAILED #7: RuntimeError('ffmpeg not found on PATH — required for clip + mux')
  FAILED #2: RuntimeError('ffmpeg not found on PATH — required for clip + mux')
  FAILED #3: RuntimeError('ffmpeg not found on PATH — required for clip + mux')
  FAILED #4: RuntimeError('ffmpeg not found on PATH — required for clip + mux')
  FAILED #5: RuntimeError('ffmpeg not found on PATH — required for clip + mux')
  FAILED #9: RuntimeError('ffmpeg not found on PATH — required for clip + mux')
  FAILED #10: RuntimeError('ffmpeg not found on PATH — required for clip + mux')
  FAILED #11: RuntimeError('ffmpeg not found on PATH — required for clip + mux')

===== DIG IG RUN: 2026-08-01 18:02:01 =====
--- propose ---
already at target (5 suggested). Nothing to do.
--- resolve audio ---
  FAILED #8: RuntimeError('ffmpeg not found on PATH — required for clip + mux')
--- sync media to prod ---
nothing needs audio.
--- autoclip ---
media synced to root@91.99.188.232:/srv/dig/app/media/ig/
--- publish ---
picked 0 window(s).
--- relabel from audio ---
nothing due to publish.
===== IG DONE: 2026-08-01 18:02:21 =====
nothing to re-label (use --force to redo).
--- render ---
  FAILED #6: RuntimeError('ffmpeg not found on PATH — required for clip + mux')
  FAILED #1: RuntimeError('ffmpeg not found on PATH — required for clip + mux')
  FAILED #7: RuntimeError('ffmpeg not found on PATH — required for clip + mux')
  FAILED #2: RuntimeError('ffmpeg not found on PATH — required for clip + mux')
  FAILED #3: RuntimeError('ffmpeg not found on PATH — required for clip + mux')
  FAILED #4: RuntimeError('ffmpeg not found on PATH — required for clip + mux')
  FAILED #5: RuntimeError('ffmpeg not found on PATH — required for clip + mux')
  FAILED #9: RuntimeError('ffmpeg not found on PATH — required for clip + mux')
  FAILED #10: RuntimeError('ffmpeg not found on PATH — required for clip + mux')

===== DIG IG RUN: 2026-08-01 18:04:00 =====
--- propose ---
  FAILED #11: RuntimeError('ffmpeg not found on PATH — required for clip + mux')
already at target (5 suggested). Nothing to do.
--- resolve audio ---
nothing needs audio.
--- autoclip ---
  FAILED #8: RuntimeError('ffmpeg not found on PATH — required for clip + mux')
--- sync media to prod ---
picked 0 window(s).
--- relabel from audio ---
media synced to root@91.99.188.232:/srv/dig/app/media/ig/
--- publish ---
nothing due to publish.
===== IG DONE: 2026-08-01 18:04:27 =====
nothing to re-label (use --force to redo).
--- render ---
  FAILED #1: RuntimeError('ffmpeg not found on PATH — required for clip + mux')
  FAILED #7: RuntimeError('ffmpeg not found on PATH — required for clip + mux')
  FAILED #2: RuntimeError('ffmpeg not found on PATH — required for clip + mux')
  FAILED #3: RuntimeError('ffmpeg not found on PATH — required for clip + mux')
  FAILED #4: RuntimeError('ffmpeg not found on PATH — required for clip + mux')
  FAILED #5: RuntimeError('ffmpeg not found on PATH — required for clip + mux')
  FAILED #6: RuntimeError('ffmpeg not found on PATH — required for clip + mux')
  FAILED #9: RuntimeError('ffmpeg not found on PATH — required for clip + mux')
  FAILED #10: RuntimeError('ffmpeg not found on PATH — required for clip + mux')

===== DIG IG RUN: 2026-08-01 18:06:00 =====
--- propose ---
already at target (5 suggested). Nothing to do.
--- resolve audio ---
  FAILED #11: RuntimeError('ffmpeg not found on PATH — required for clip + mux')
nothing needs audio.
--- autoclip ---
picked 0 window(s).
--- relabel from audio ---
  FAILED #8: RuntimeError('ffmpeg not found on PATH — required for clip + mux')
--- sync media to prod ---
media synced to root@91.99.188.232:/srv/dig/app/media/ig/
--- publish ---
nothing due to publish.
===== IG DONE: 2026-08-01 18:06:35 =====
nothing to re-label (use --force to redo).
--- render ---
  FAILED #3: RuntimeError('ffmpeg not found on PATH — required for clip + mux')
  FAILED #4: RuntimeError('ffmpeg not found on PATH — required for clip + mux')
  FAILED #5: RuntimeError('ffmpeg not found on PATH — required for clip + mux')
  FAILED #6: RuntimeError('ffmpeg not found on PATH — required for clip + mux')
  FAILED #1: RuntimeError('ffmpeg not found on PATH — required for clip + mux')
  FAILED #7: RuntimeError('ffmpeg not found on PATH — required for clip + mux')
  FAILED #2: RuntimeError('ffmpeg not found on PATH — required for clip + mux')
  FAILED #10: RuntimeError('ffmpeg not found on PATH — required for clip + mux')

===== DIG IG RUN: 2026-08-01 18:08:00 =====
--- propose ---
  FAILED #11: RuntimeError('ffmpeg not found on PATH — required for clip + mux')
already at target (5 suggested). Nothing to do.
--- resolve audio ---
nothing needs audio.
--- autoclip ---
  FAILED #8: RuntimeError('ffmpeg not found on PATH — required for clip + mux')
picked 0 window(s).
--- relabel from audio ---
  FAILED #9: RuntimeError('ffmpeg not found on PATH — required for clip + mux')
--- sync media to prod ---
media synced to root@91.99.188.232:/srv/dig/app/media/ig/
--- publish ---
nothing to re-label (use --force to redo).
--- render ---
nothing due to publish.
===== IG DONE: 2026-08-01 18:08:37 =====
  FAILED #1: RuntimeError('ffmpeg not found on PATH — required for clip + mux')
  FAILED #7: RuntimeError('ffmpeg not found on PATH — required for clip + mux')
  FAILED #2: RuntimeError('ffmpeg not found on PATH — required for clip + mux')
  FAILED #3: RuntimeError('ffmpeg not found on PATH — required for clip + mux')
  FAILED #4: RuntimeError('ffmpeg not found on PATH — required for clip + mux')
  FAILED #5: RuntimeError('ffmpeg not found on PATH — required for clip + mux')
  FAILED #6: RuntimeError('ffmpeg not found on PATH — required for clip + mux')
  FAILED #10: RuntimeError('ffmpeg not found on PATH — required for clip + mux')
  FAILED #11: RuntimeError('ffmpeg not found on PATH — required for clip + mux')
  FAILED #8: RuntimeError('ffmpeg not found on PATH — required for clip + mux')

===== DIG IG RUN: 2026-08-01 18:10:01 =====
--- propose ---
already at target (5 suggested). Nothing to do.
--- resolve audio ---
  FAILED #9: RuntimeError('ffmpeg not found on PATH — required for clip + mux')
--- sync media to prod ---
nothing needs audio.
--- autoclip ---
media synced to root@91.99.188.232:/srv/dig/app/media/ig/
--- publish ---
picked 0 window(s).
--- relabel from audio ---
nothing due to publish.
===== IG DONE: 2026-08-01 18:10:23 =====
nothing to re-label (use --force to redo).
--- render ---
  FAILED #6: RuntimeError('ffmpeg not found on PATH — required for clip + mux')
  FAILED #1: RuntimeError('ffmpeg not found on PATH — required for clip + mux')
  FAILED #7: RuntimeError('ffmpeg not found on PATH — required for clip + mux')
  FAILED #2: RuntimeError('ffmpeg not found on PATH — required for clip + mux')
  FAILED #3: RuntimeError('ffmpeg not found on PATH — required for clip + mux')
  FAILED #4: RuntimeError('ffmpeg not found on PATH — required for clip + mux')
  FAILED #5: RuntimeError('ffmpeg not found on PATH — required for clip + mux')
  FAILED #10: RuntimeError('ffmpeg not found on PATH — required for clip + mux')
  FAILED #11: RuntimeError('ffmpeg not found on PATH — required for clip + mux')
  FAILED #8: RuntimeError('ffmpeg not found on PATH — required for clip + mux')

===== DIG IG RUN: 2026-08-01 18:12:02 =====
--- propose ---
  FAILED #9: RuntimeError('ffmpeg not found on PATH — required for clip + mux')
--- sync media to prod ---
already at target (5 suggested). Nothing to do.
--- resolve audio ---
media synced to root@91.99.188.232:/srv/dig/app/media/ig/
--- publish ---
nothing needs audio.
--- autoclip ---
nothing due to publish.
===== IG DONE: 2026-08-01 18:12:18 =====
picked 0 window(s).
--- relabel from audio ---
nothing to re-label (use --force to redo).
--- render ---
  FAILED #6: RuntimeError('ffmpeg not found on PATH — required for clip + mux')
  FAILED #1: RuntimeError('ffmpeg not found on PATH — required for clip + mux')
  FAILED #7: RuntimeError('ffmpeg not found on PATH — required for clip + mux')
  FAILED #2: RuntimeError('ffmpeg not found on PATH — required for clip + mux')
  FAILED #3: RuntimeError('ffmpeg not found on PATH — required for clip + mux')
  FAILED #4: RuntimeError('ffmpeg not found on PATH — required for clip + mux')
  FAILED #5: RuntimeError('ffmpeg not found on PATH — required for clip + mux')
  FAILED #10: RuntimeError('ffmpeg not found on PATH — required for clip + mux')
  FAILED #11: RuntimeError('ffmpeg not found on PATH — required for clip + mux')
  FAILED #8: RuntimeError('ffmpeg not found on PATH — required for clip + mux')

===== DIG IG RUN: 2026-08-01 18:14:01 =====
--- propose ---
  FAILED #9: RuntimeError('ffmpeg not found on PATH — required for clip + mux')
--- sync media to prod ---
already at target (5 suggested). Nothing to do.
--- resolve audio ---
media synced to root@91.99.188.232:/srv/dig/app/media/ig/
--- publish ---
nothing needs audio.
--- autoclip ---
picked 0 window(s).
--- relabel from audio ---
nothing due to publish.
===== IG DONE: 2026-08-01 18:14:21 =====
nothing to re-label (use --force to redo).
--- render ---
  FAILED #6: RuntimeError('ffmpeg not found on PATH — required for clip + mux')
  FAILED #1: RuntimeError('ffmpeg not found on PATH — required for clip + mux')
  FAILED #7: RuntimeError('ffmpeg not found on PATH — required for clip + mux')
  FAILED #2: RuntimeError('ffmpeg not found on PATH — required for clip + mux')
  FAILED #3: RuntimeError('ffmpeg not found on PATH — required for clip + mux')
  FAILED #4: RuntimeError('ffmpeg not found on PATH — required for clip + mux')
  FAILED #5: RuntimeError('ffmpeg not found on PATH — required for clip + mux')
  FAILED #10: RuntimeError('ffmpeg not found on PATH — required for clip + mux')
  FAILED #11: RuntimeError('ffmpeg not found on PATH — required for clip + mux')
  FAILED #8: RuntimeError('ffmpeg not found on PATH — required for clip + mux')

===== DIG IG RUN: 2026-08-01 18:16:01 =====
--- propose ---
  FAILED #9: RuntimeError('ffmpeg not found on PATH — required for clip + mux')
--- sync media to prod ---
already at target (5 suggested). Nothing to do.
--- resolve audio ---
media synced to root@91.99.188.232:/srv/dig/app/media/ig/
--- publish ---
nothing needs audio.
--- autoclip ---
nothing due to publish.
===== IG DONE: 2026-08-01 18:16:18 =====
picked 0 window(s).
--- relabel from audio ---
nothing to re-label (use --force to redo).
--- render ---
  FAILED #1: RuntimeError('ffmpeg not found on PATH — required for clip + mux')
  FAILED #7: RuntimeError('ffmpeg not found on PATH — required for clip + mux')
  FAILED #2: RuntimeError('ffmpeg not found on PATH — required for clip + mux')
  FAILED #3: RuntimeError('ffmpeg not found on PATH — required for clip + mux')
  FAILED #4: RuntimeError('ffmpeg not found on PATH — required for clip + mux')
  FAILED #5: RuntimeError('ffmpeg not found on PATH — required for clip + mux')
  FAILED #6: RuntimeError('ffmpeg not found on PATH — required for clip + mux')
  FAILED #9: RuntimeError('ffmpeg not found on PATH — required for clip + mux')
  FAILED #10: RuntimeError('ffmpeg not found on PATH — required for clip + mux')
  FAILED #11: RuntimeError('ffmpeg not found on PATH — required for clip + mux')
  FAILED #8: RuntimeError('ffmpeg not found on PATH — required for clip + mux')
--- sync media to prod ---

===== DIG IG RUN: 2026-08-01 18:18:01 =====
--- propose ---
media synced to root@91.99.188.232:/srv/dig/app/media/ig/
--- publish ---
already at target (5 suggested). Nothing to do.
--- resolve audio ---
nothing due to publish.
===== IG DONE: 2026-08-01 18:18:12 =====
nothing needs audio.
--- autoclip ---
picked 0 window(s).
--- relabel from audio ---
nothing to re-label (use --force to redo).
--- render ---
  FAILED #3: RuntimeError('ffmpeg not found on PATH — required for clip + mux')
  FAILED #4: RuntimeError('ffmpeg not found on PATH — required for clip + mux')
  FAILED #5: RuntimeError('ffmpeg not found on PATH — required for clip + mux')
  FAILED #6: RuntimeError('ffmpeg not found on PATH — required for clip + mux')
  FAILED #1: RuntimeError('ffmpeg not found on PATH — required for clip + mux')
  FAILED #7: RuntimeError('ffmpeg not found on PATH — required for clip + mux')
  FAILED #2: RuntimeError('ffmpeg not found on PATH — required for clip + mux')
  FAILED #9: RuntimeError('ffmpeg not found on PATH — required for clip + mux')
  FAILED #10: RuntimeError('ffmpeg not found on PATH — required for clip + mux')
  FAILED #11: RuntimeError('ffmpeg not found on PATH — required for clip + mux')

  FAILED #8: RuntimeError('ffmpeg not found on PATH — required for clip + mux')
===== DIG IG RUN: 2026-08-01 18:20:01 =====
--- sync media to prod ---
--- propose ---
already at target (5 suggested). Nothing to do.
--- resolve audio ---
media synced to root@91.99.188.232:/srv/dig/app/media/ig/
--- publish ---
nothing needs audio.
--- autoclip ---
nothing due to publish.
===== IG DONE: 2026-08-01 18:20:13 =====
picked 0 window(s).
--- relabel from audio ---
nothing to re-label (use --force to redo).
--- render ---
  FAILED #1: RuntimeError('ffmpeg not found on PATH — required for clip + mux')
  FAILED #7: RuntimeError('ffmpeg not found on PATH — required for clip + mux')
  FAILED #2: RuntimeError('ffmpeg not found on PATH — required for clip + mux')
  FAILED #3: RuntimeError('ffmpeg not found on PATH — required for clip + mux')
  FAILED #4: RuntimeError('ffmpeg not found on PATH — required for clip + mux')
  FAILED #5: RuntimeError('ffmpeg not found on PATH — required for clip + mux')
  FAILED #6: RuntimeError('ffmpeg not found on PATH — required for clip + mux')
  FAILED #9: RuntimeError('ffmpeg not found on PATH — required for clip + mux')
  FAILED #10: RuntimeError('ffmpeg not found on PATH — required for clip + mux')
  FAILED #11: RuntimeError('ffmpeg not found on PATH — required for clip + mux')
  FAILED #8: RuntimeError('ffmpeg not found on PATH — required for clip + mux')
--- sync media to prod ---

===== DIG IG RUN: 2026-08-01 18:22:01 =====
--- propose ---
media synced to root@91.99.188.232:/srv/dig/app/media/ig/
--- publish ---
already at target (5 suggested). Nothing to do.
--- resolve audio ---
nothing due to publish.
===== IG DONE: 2026-08-01 18:22:12 =====
nothing needs audio.
--- autoclip ---
picked 0 window(s).
--- relabel from audio ---
nothing to re-label (use --force to redo).
--- render ---
  FAILED #6: RuntimeError('ffmpeg not found on PATH — required for clip + mux')
  FAILED #1: RuntimeError('ffmpeg not found on PATH — required for clip + mux')
  FAILED #7: RuntimeError('ffmpeg not found on PATH — required for clip + mux')
  FAILED #2: RuntimeError('ffmpeg not found on PATH — required for clip + mux')
  FAILED #3: RuntimeError('ffmpeg not found on PATH — required for clip + mux')
  FAILED #4: RuntimeError('ffmpeg not found on PATH — required for clip + mux')
  FAILED #5: RuntimeError('ffmpeg not found on PATH — required for clip + mux')
  FAILED #11: RuntimeError('ffmpeg not found on PATH — required for clip + mux')
  FAILED #8: RuntimeError('ffmpeg not found on PATH — required for clip + mux')
  FAILED #9: RuntimeError('ffmpeg not found on PATH — required for clip + mux')

===== DIG IG RUN: 2026-08-01 18:24:01 =====
--- propose ---
  FAILED #10: RuntimeError('ffmpeg not found on PATH — required for clip + mux')
--- sync media to prod ---
already at target (5 suggested). Nothing to do.
--- resolve audio ---
nothing needs audio.
--- autoclip ---
media synced to root@91.99.188.232:/srv/dig/app/media/ig/
--- publish ---
picked 0 window(s).
--- relabel from audio ---
nothing due to publish.
===== IG DONE: 2026-08-01 18:24:21 =====
nothing to re-label (use --force to redo).
--- render ---
  FAILED #6: RuntimeError('ffmpeg not found on PATH — required for clip + mux')
  FAILED #1: RuntimeError('ffmpeg not found on PATH — required for clip + mux')
  FAILED #7: RuntimeError('ffmpeg not found on PATH — required for clip + mux')
  FAILED #2: RuntimeError('ffmpeg not found on PATH — required for clip + mux')
  FAILED #3: RuntimeError('ffmpeg not found on PATH — required for clip + mux')
  FAILED #4: RuntimeError('ffmpeg not found on PATH — required for clip + mux')
  FAILED #5: RuntimeError('ffmpeg not found on PATH — required for clip + mux')
  FAILED #11: RuntimeError('ffmpeg not found on PATH — required for clip + mux')
  FAILED #8: RuntimeError('ffmpeg not found on PATH — required for clip + mux')
  FAILED #9: RuntimeError('ffmpeg not found on PATH — required for clip + mux')
  FAILED #10: RuntimeError('ffmpeg not found on PATH — required for clip + mux')

===== DIG IG RUN: 2026-08-01 18:26:01 =====
--- sync media to prod ---
--- propose ---
media synced to root@91.99.188.232:/srv/dig/app/media/ig/
--- publish ---
already at target (5 suggested). Nothing to do.
--- resolve audio ---
nothing needs audio.
--- autoclip ---
nothing due to publish.
===== IG DONE: 2026-08-01 18:26:14 =====
picked 0 window(s).
--- relabel from audio ---
nothing to re-label (use --force to redo).
--- render ---
  FAILED #6: RuntimeError('ffmpeg not found on PATH — required for clip + mux')
  FAILED #1: RuntimeError('ffmpeg not found on PATH — required for clip + mux')
  FAILED #7: RuntimeError('ffmpeg not found on PATH — required for clip + mux')
  FAILED #2: RuntimeError('ffmpeg not found on PATH — required for clip + mux')
  FAILED #3: RuntimeError('ffmpeg not found on PATH — required for clip + mux')
  FAILED #4: RuntimeError('ffmpeg not found on PATH — required for clip + mux')
  FAILED #5: RuntimeError('ffmpeg not found on PATH — required for clip + mux')
  FAILED #11: RuntimeError('ffmpeg not found on PATH — required for clip + mux')
  FAILED #8: RuntimeError('ffmpeg not found on PATH — required for clip + mux')
  FAILED #9: RuntimeError('ffmpeg not found on PATH — required for clip + mux')

===== DIG IG RUN: 2026-08-01 18:28:01 =====
--- propose ---
  FAILED #10: RuntimeError('ffmpeg not found on PATH — required for clip + mux')
--- sync media to prod ---
already at target (5 suggested). Nothing to do.
--- resolve audio ---
media synced to root@91.99.188.232:/srv/dig/app/media/ig/
--- publish ---
nothing needs audio.
--- autoclip ---
nothing due to publish.
===== IG DONE: 2026-08-01 18:28:17 =====
picked 0 window(s).
--- relabel from audio ---
nothing to re-label (use --force to redo).
--- render ---
  FAILED #1: RuntimeError('ffmpeg not found on PATH — required for clip + mux')
  FAILED #7: RuntimeError('ffmpeg not found on PATH — required for clip + mux')
  FAILED #2: RuntimeError('ffmpeg not found on PATH — required for clip + mux')
  FAILED #3: RuntimeError('ffmpeg not found on PATH — required for clip + mux')
  FAILED #4: RuntimeError('ffmpeg not found on PATH — required for clip + mux')
  FAILED #5: RuntimeError('ffmpeg not found on PATH — required for clip + mux')
  FAILED #6: RuntimeError('ffmpeg not found on PATH — required for clip + mux')
  FAILED #8: RuntimeError('ffmpeg not found on PATH — required for clip + mux')
  FAILED #9: RuntimeError('ffmpeg not found on PATH — required for clip + mux')
  FAILED #10: RuntimeError('ffmpeg not found on PATH — required for clip + mux')

===== DIG IG RUN: 2026-08-01 18:30:01 =====
--- propose ---
  FAILED #11: RuntimeError('ffmpeg not found on PATH — required for clip + mux')
--- sync media to prod ---
already at target (5 suggested). Nothing to do.
--- resolve audio ---
media synced to root@91.99.188.232:/srv/dig/app/media/ig/
--- publish ---
nothing needs audio.
--- autoclip ---
nothing due to publish.
picked 0 window(s).
===== IG DONE: 2026-08-01 18:30:20 =====
--- relabel from audio ---
nothing to re-label (use --force to redo).
--- render ---
  FAILED #3: RuntimeError('ffmpeg not found on PATH — required for clip + mux')
  FAILED #4: RuntimeError('ffmpeg not found on PATH — required for clip + mux')
  FAILED #5: RuntimeError('ffmpeg not found on PATH — required for clip + mux')
  FAILED #6: RuntimeError('ffmpeg not found on PATH — required for clip + mux')
  FAILED #1: RuntimeError('ffmpeg not found on PATH — required for clip + mux')
  FAILED #7: RuntimeError('ffmpeg not found on PATH — required for clip + mux')
  FAILED #2: RuntimeError('ffmpeg not found on PATH — required for clip + mux')
  FAILED #8: RuntimeError('ffmpeg not found on PATH — required for clip + mux')
  FAILED #9: RuntimeError('ffmpeg not found on PATH — required for clip + mux')
  FAILED #10: RuntimeError('ffmpeg not found on PATH — required for clip + mux')

===== DIG IG RUN: 2026-08-01 18:32:01 =====
--- propose ---
already at target (5 suggested). Nothing to do.
--- resolve audio ---
  FAILED #11: RuntimeError('ffmpeg not found on PATH — required for clip + mux')
--- sync media to prod ---
nothing needs audio.
--- autoclip ---
media synced to root@91.99.188.232:/srv/dig/app/media/ig/
--- publish ---
picked 0 window(s).
--- relabel from audio ---
nothing due to publish.
===== IG DONE: 2026-08-01 18:32:24 =====
nothing to re-label (use --force to redo).
--- render ---
  FAILED #1: RuntimeError('ffmpeg not found on PATH — required for clip + mux')
  FAILED #7: RuntimeError('ffmpeg not found on PATH — required for clip + mux')
  FAILED #2: RuntimeError('ffmpeg not found on PATH — required for clip + mux')
  FAILED #3: RuntimeError('ffmpeg not found on PATH — required for clip + mux')
  FAILED #4: RuntimeError('ffmpeg not found on PATH — required for clip + mux')
  FAILED #5: RuntimeError('ffmpeg not found on PATH — required for clip + mux')
  FAILED #6: RuntimeError('ffmpeg not found on PATH — required for clip + mux')
  FAILED #8: RuntimeError('ffmpeg not found on PATH — required for clip + mux')
  FAILED #9: RuntimeError('ffmpeg not found on PATH — required for clip + mux')
  FAILED #10: RuntimeError('ffmpeg not found on PATH — required for clip + mux')

===== DIG IG RUN: 2026-08-01 18:34:01 =====
--- propose ---
  FAILED #11: RuntimeError('ffmpeg not found on PATH — required for clip + mux')
--- sync media to prod ---
already at target (5 suggested). Nothing to do.
--- resolve audio ---
media synced to root@91.99.188.232:/srv/dig/app/media/ig/
--- publish ---
nothing needs audio.
--- autoclip ---
nothing due to publish.
===== IG DONE: 2026-08-01 18:34:14 =====
picked 0 window(s).
--- relabel from audio ---
nothing to re-label (use --force to redo).
--- render ---
  FAILED #6: RuntimeError('ffmpeg not found on PATH — required for clip + mux')
  FAILED #1: RuntimeError('ffmpeg not found on PATH — required for clip + mux')
  FAILED #7: RuntimeError('ffmpeg not found on PATH — required for clip + mux')
  FAILED #2: RuntimeError('ffmpeg not found on PATH — required for clip + mux')
  FAILED #3: RuntimeError('ffmpeg not found on PATH — required for clip + mux')
  FAILED #4: RuntimeError('ffmpeg not found on PATH — required for clip + mux')
  FAILED #5: RuntimeError('ffmpeg not found on PATH — required for clip + mux')
  FAILED #8: RuntimeError('ffmpeg not found on PATH — required for clip + mux')
  FAILED #9: RuntimeError('ffmpeg not found on PATH — required for clip + mux')
  FAILED #10: RuntimeError('ffmpeg not found on PATH — required for clip + mux')
  FAILED #11: RuntimeError('ffmpeg not found on PATH — required for clip + mux')
--- sync media to prod ---

===== DIG IG RUN: 2026-08-01 18:36:01 =====
--- propose ---
media synced to root@91.99.188.232:/srv/dig/app/media/ig/
--- publish ---
already at target (5 suggested). Nothing to do.
--- resolve audio ---
nothing needs audio.
--- autoclip ---
nothing due to publish.
===== IG DONE: 2026-08-01 18:36:14 =====
picked 0 window(s).
--- relabel from audio ---
nothing to re-label (use --force to redo).
--- render ---
  FAILED #6: RuntimeError('ffmpeg not found on PATH — required for clip + mux')
  FAILED #1: RuntimeError('ffmpeg not found on PATH — required for clip + mux')
  FAILED #7: RuntimeError('ffmpeg not found on PATH — required for clip + mux')
  FAILED #2: RuntimeError('ffmpeg not found on PATH — required for clip + mux')
  FAILED #3: RuntimeError('ffmpeg not found on PATH — required for clip + mux')
  FAILED #4: RuntimeError('ffmpeg not found on PATH — required for clip + mux')
  FAILED #5: RuntimeError('ffmpeg not found on PATH — required for clip + mux')
  FAILED #8: RuntimeError('ffmpeg not found on PATH — required for clip + mux')
  FAILED #9: RuntimeError('ffmpeg not found on PATH — required for clip + mux')
  FAILED #10: RuntimeError('ffmpeg not found on PATH — required for clip + mux')
  FAILED #11: RuntimeError('ffmpeg not found on PATH — required for clip + mux')
--- sync media to prod ---

===== DIG IG RUN: 2026-08-01 18:38:02 =====
--- propose ---
already at target (5 suggested). Nothing to do.
--- resolve audio ---
media synced to root@91.99.188.232:/srv/dig/app/media/ig/
--- publish ---
nothing needs audio.
--- autoclip ---
nothing due to publish.
===== IG DONE: 2026-08-01 18:38:14 =====
picked 0 window(s).
--- relabel from audio ---
nothing to re-label (use --force to redo).
--- render ---
  FAILED #6: RuntimeError('ffmpeg not found on PATH — required for clip + mux')
  FAILED #1: RuntimeError('ffmpeg not found on PATH — required for clip + mux')
  FAILED #7: RuntimeError('ffmpeg not found on PATH — required for clip + mux')
  FAILED #2: RuntimeError('ffmpeg not found on PATH — required for clip + mux')
  FAILED #3: RuntimeError('ffmpeg not found on PATH — required for clip + mux')
  FAILED #4: RuntimeError('ffmpeg not found on PATH — required for clip + mux')
  FAILED #5: RuntimeError('ffmpeg not found on PATH — required for clip + mux')
  FAILED #11: RuntimeError('ffmpeg not found on PATH — required for clip + mux')
  FAILED #8: RuntimeError('ffmpeg not found on PATH — required for clip + mux')
  FAILED #9: RuntimeError('ffmpeg not found on PATH — required for clip + mux')
  FAILED #10: RuntimeError('ffmpeg not found on PATH — required for clip + mux')
--- sync media to prod ---
media synced to root@91.99.188.232:/srv/dig/app/media/ig/
--- publish ---

===== DIG IG RUN: 2026-08-01 18:40:01 =====
--- propose ---
already at target (5 suggested). Nothing to do.
--- resolve audio ---
nothing due to publish.
===== IG DONE: 2026-08-01 18:40:09 =====
nothing needs audio.
--- autoclip ---
picked 0 window(s).
--- relabel from audio ---
nothing to re-label (use --force to redo).
--- render ---
  FAILED #1: RuntimeError('ffmpeg not found on PATH — required for clip + mux')
  FAILED #7: RuntimeError('ffmpeg not found on PATH — required for clip + mux')
  FAILED #2: RuntimeError('ffmpeg not found on PATH — required for clip + mux')
  FAILED #3: RuntimeError('ffmpeg not found on PATH — required for clip + mux')
  FAILED #4: RuntimeError('ffmpeg not found on PATH — required for clip + mux')
  FAILED #5: RuntimeError('ffmpeg not found on PATH — required for clip + mux')
  FAILED #6: RuntimeError('ffmpeg not found on PATH — required for clip + mux')
  FAILED #11: RuntimeError('ffmpeg not found on PATH — required for clip + mux')
  FAILED #8: RuntimeError('ffmpeg not found on PATH — required for clip + mux')
  FAILED #9: RuntimeError('ffmpeg not found on PATH — required for clip + mux')

===== DIG IG RUN: 2026-08-01 18:42:01 =====
--- propose ---
already at target (5 suggested). Nothing to do.
--- resolve audio ---
  FAILED #10: RuntimeError('ffmpeg not found on PATH — required for clip + mux')
--- sync media to prod ---
nothing needs audio.
--- autoclip ---
media synced to root@91.99.188.232:/srv/dig/app/media/ig/
--- publish ---
picked 0 window(s).
--- relabel from audio ---
nothing due to publish.
===== IG DONE: 2026-08-01 18:42:27 =====
nothing to re-label (use --force to redo).
--- render ---
  FAILED #3: RuntimeError('ffmpeg not found on PATH — required for clip + mux')
  FAILED #4: RuntimeError('ffmpeg not found on PATH — required for clip + mux')
  FAILED #5: RuntimeError('ffmpeg not found on PATH — required for clip + mux')
  FAILED #6: RuntimeError('ffmpeg not found on PATH — required for clip + mux')
  FAILED #1: RuntimeError('ffmpeg not found on PATH — required for clip + mux')
  FAILED #7: RuntimeError('ffmpeg not found on PATH — required for clip + mux')
  FAILED #2: RuntimeError('ffmpeg not found on PATH — required for clip + mux')
  FAILED #11: RuntimeError('ffmpeg not found on PATH — required for clip + mux')
  FAILED #8: RuntimeError('ffmpeg not found on PATH — required for clip + mux')

===== DIG IG RUN: 2026-08-01 18:44:00 =====
--- propose ---
  FAILED #9: RuntimeError('ffmpeg not found on PATH — required for clip + mux')
already at target (5 suggested). Nothing to do.
--- resolve audio ---
nothing needs audio.
--- autoclip ---
  FAILED #10: RuntimeError('ffmpeg not found on PATH — required for clip + mux')
--- sync media to prod ---
picked 0 window(s).
--- relabel from audio ---
media synced to root@91.99.188.232:/srv/dig/app/media/ig/
--- publish ---
nothing due to publish.
===== IG DONE: 2026-08-01 18:44:33 =====
nothing to re-label (use --force to redo).
--- render ---
  FAILED #1: RuntimeError('ffmpeg not found on PATH — required for clip + mux')
  FAILED #7: RuntimeError('ffmpeg not found on PATH — required for clip + mux')
  FAILED #2: RuntimeError('ffmpeg not found on PATH — required for clip + mux')
  FAILED #3: RuntimeError('ffmpeg not found on PATH — required for clip + mux')
  FAILED #4: RuntimeError('ffmpeg not found on PATH — required for clip + mux')
  FAILED #5: RuntimeError('ffmpeg not found on PATH — required for clip + mux')
  FAILED #6: RuntimeError('ffmpeg not found on PATH — required for clip + mux')
  FAILED #9: RuntimeError('ffmpeg not found on PATH — required for clip + mux')
  FAILED #10: RuntimeError('ffmpeg not found on PATH — required for clip + mux')

===== DIG IG RUN: 2026-08-01 18:46:01 =====
--- propose ---
  FAILED #11: RuntimeError('ffmpeg not found on PATH — required for clip + mux')
already at target (5 suggested). Nothing to do.
--- resolve audio ---
nothing needs audio.
--- autoclip ---
  FAILED #8: RuntimeError('ffmpeg not found on PATH — required for clip + mux')
--- sync media to prod ---
picked 0 window(s).
--- relabel from audio ---
media synced to root@91.99.188.232:/srv/dig/app/media/ig/
--- publish ---
nothing due to publish.
===== IG DONE: 2026-08-01 18:46:33 =====
nothing to re-label (use --force to redo).
--- render ---
  FAILED #6: RuntimeError('ffmpeg not found on PATH — required for clip + mux')
  FAILED #1: RuntimeError('ffmpeg not found on PATH — required for clip + mux')
  FAILED #7: RuntimeError('ffmpeg not found on PATH — required for clip + mux')
  FAILED #2: RuntimeError('ffmpeg not found on PATH — required for clip + mux')
  FAILED #3: RuntimeError('ffmpeg not found on PATH — required for clip + mux')
  FAILED #4: RuntimeError('ffmpeg not found on PATH — required for clip + mux')
  FAILED #5: RuntimeError('ffmpeg not found on PATH — required for clip + mux')
  FAILED #9: RuntimeError('ffmpeg not found on PATH — required for clip + mux')
  FAILED #10: RuntimeError('ffmpeg not found on PATH — required for clip + mux')
  FAILED #11: RuntimeError('ffmpeg not found on PATH — required for clip + mux')

===== DIG IG RUN: 2026-08-01 18:48:01 =====
--- propose ---
already at target (5 suggested). Nothing to do.
--- resolve audio ---
  FAILED #8: RuntimeError('ffmpeg not found on PATH — required for clip + mux')
--- sync media to prod ---
nothing needs audio.
--- autoclip ---
media synced to root@91.99.188.232:/srv/dig/app/media/ig/
--- publish ---
picked 0 window(s).
--- relabel from audio ---
nothing due to publish.
===== IG DONE: 2026-08-01 18:48:28 =====
nothing to re-label (use --force to redo).
--- render ---
  FAILED #6: RuntimeError('ffmpeg not found on PATH — required for clip + mux')
  FAILED #1: RuntimeError('ffmpeg not found on PATH — required for clip + mux')
  FAILED #7: RuntimeError('ffmpeg not found on PATH — required for clip + mux')
  FAILED #2: RuntimeError('ffmpeg not found on PATH — required for clip + mux')
  FAILED #3: RuntimeError('ffmpeg not found on PATH — required for clip + mux')
  FAILED #4: RuntimeError('ffmpeg not found on PATH — required for clip + mux')
  FAILED #5: RuntimeError('ffmpeg not found on PATH — required for clip + mux')
  FAILED #9: RuntimeError('ffmpeg not found on PATH — required for clip + mux')
  FAILED #10: RuntimeError('ffmpeg not found on PATH — required for clip + mux')
  FAILED #11: RuntimeError('ffmpeg not found on PATH — required for clip + mux')

===== DIG IG RUN: 2026-08-01 18:50:01 =====
--- propose ---
  FAILED #8: RuntimeError('ffmpeg not found on PATH — required for clip + mux')
--- sync media to prod ---
already at target (5 suggested). Nothing to do.
--- resolve audio ---
media synced to root@91.99.188.232:/srv/dig/app/media/ig/
--- publish ---
nothing needs audio.
--- autoclip ---
nothing due to publish.
===== IG DONE: 2026-08-01 18:50:19 =====
picked 0 window(s).
--- relabel from audio ---
nothing to re-label (use --force to redo).
--- render ---
  FAILED #6: RuntimeError('ffmpeg not found on PATH — required for clip + mux')
  FAILED #1: RuntimeError('ffmpeg not found on PATH — required for clip + mux')
  FAILED #7: RuntimeError('ffmpeg not found on PATH — required for clip + mux')
  FAILED #2: RuntimeError('ffmpeg not found on PATH — required for clip + mux')
  FAILED #3: RuntimeError('ffmpeg not found on PATH — required for clip + mux')
  FAILED #4: RuntimeError('ffmpeg not found on PATH — required for clip + mux')
  FAILED #5: RuntimeError('ffmpeg not found on PATH — required for clip + mux')
  FAILED #10: RuntimeError('ffmpeg not found on PATH — required for clip + mux')
  FAILED #11: RuntimeError('ffmpeg not found on PATH — required for clip + mux')
  FAILED #8: RuntimeError('ffmpeg not found on PATH — required for clip + mux')

===== DIG IG RUN: 2026-08-01 18:52:02 =====
--- propose ---
  FAILED #9: RuntimeError('ffmpeg not found on PATH — required for clip + mux')
--- sync media to prod ---
already at target (5 suggested). Nothing to do.
--- resolve audio ---
media synced to root@91.99.188.232:/srv/dig/app/media/ig/
--- publish ---
nothing needs audio.
--- autoclip ---
nothing due to publish.
===== IG DONE: 2026-08-01 18:52:18 =====
picked 0 window(s).
--- relabel from audio ---
nothing to re-label (use --force to redo).
--- render ---
  FAILED #1: RuntimeError('ffmpeg not found on PATH — required for clip + mux')
  FAILED #7: RuntimeError('ffmpeg not found on PATH — required for clip + mux')
  FAILED #2: RuntimeError('ffmpeg not found on PATH — required for clip + mux')
  FAILED #3: RuntimeError('ffmpeg not found on PATH — required for clip + mux')
  FAILED #4: RuntimeError('ffmpeg not found on PATH — required for clip + mux')
  FAILED #5: RuntimeError('ffmpeg not found on PATH — required for clip + mux')
  FAILED #6: RuntimeError('ffmpeg not found on PATH — required for clip + mux')
  FAILED #10: RuntimeError('ffmpeg not found on PATH — required for clip + mux')
  FAILED #11: RuntimeError('ffmpeg not found on PATH — required for clip + mux')
  FAILED #8: RuntimeError('ffmpeg not found on PATH — required for clip + mux')

===== DIG IG RUN: 2026-08-01 18:54:01 =====
--- propose ---
  FAILED #9: RuntimeError('ffmpeg not found on PATH — required for clip + mux')
--- sync media to prod ---
already at target (5 suggested). Nothing to do.
--- resolve audio ---
media synced to root@91.99.188.232:/srv/dig/app/media/ig/
--- publish ---
nothing needs audio.
--- autoclip ---
nothing due to publish.
===== IG DONE: 2026-08-01 18:54:18 =====
picked 0 window(s).
--- relabel from audio ---
nothing to re-label (use --force to redo).
--- render ---
  FAILED #3: RuntimeError('ffmpeg not found on PATH — required for clip + mux')
  FAILED #4: RuntimeError('ffmpeg not found on PATH — required for clip + mux')
  FAILED #5: RuntimeError('ffmpeg not found on PATH — required for clip + mux')
  FAILED #6: RuntimeError('ffmpeg not found on PATH — required for clip + mux')
  FAILED #1: RuntimeError('ffmpeg not found on PATH — required for clip + mux')
  FAILED #7: RuntimeError('ffmpeg not found on PATH — required for clip + mux')
  FAILED #2: RuntimeError('ffmpeg not found on PATH — required for clip + mux')
  FAILED #10: RuntimeError('ffmpeg not found on PATH — required for clip + mux')
  FAILED #11: RuntimeError('ffmpeg not found on PATH — required for clip + mux')
  FAILED #8: RuntimeError('ffmpeg not found on PATH — required for clip + mux')
  FAILED #9: RuntimeError('ffmpeg not found on PATH — required for clip + mux')
--- sync media to prod ---

===== DIG IG RUN: 2026-08-01 18:56:01 =====
--- propose ---
already at target (5 suggested). Nothing to do.
media synced to root@91.99.188.232:/srv/dig/app/media/ig/
--- publish ---
--- resolve audio ---
nothing needs audio.
--- autoclip ---
nothing due to publish.
===== IG DONE: 2026-08-01 18:56:14 =====
picked 0 window(s).
--- relabel from audio ---
nothing to re-label (use --force to redo).
--- render ---
  FAILED #1: RuntimeError('ffmpeg not found on PATH — required for clip + mux')
  FAILED #7: RuntimeError('ffmpeg not found on PATH — required for clip + mux')
  FAILED #2: RuntimeError('ffmpeg not found on PATH — required for clip + mux')
  FAILED #3: RuntimeError('ffmpeg not found on PATH — required for clip + mux')
  FAILED #4: RuntimeError('ffmpeg not found on PATH — required for clip + mux')
  FAILED #5: RuntimeError('ffmpeg not found on PATH — required for clip + mux')
  FAILED #6: RuntimeError('ffmpeg not found on PATH — required for clip + mux')
  FAILED #10: RuntimeError('ffmpeg not found on PATH — required for clip + mux')
  FAILED #11: RuntimeError('ffmpeg not found on PATH — required for clip + mux')
  FAILED #8: RuntimeError('ffmpeg not found on PATH — required for clip + mux')

===== DIG IG RUN: 2026-08-01 18:58:01 =====
--- propose ---
  FAILED #9: RuntimeError('ffmpeg not found on PATH — required for clip + mux')
--- sync media to prod ---
already at target (5 suggested). Nothing to do.
--- resolve audio ---
media synced to root@91.99.188.232:/srv/dig/app/media/ig/
--- publish ---
nothing needs audio.
--- autoclip ---
nothing due to publish.
===== IG DONE: 2026-08-01 18:58:15 =====
picked 0 window(s).
--- relabel from audio ---
nothing to re-label (use --force to redo).
--- render ---
  FAILED #6: RuntimeError('ffmpeg not found on PATH — required for clip + mux')
  FAILED #1: RuntimeError('ffmpeg not found on PATH — required for clip + mux')
  FAILED #7: RuntimeError('ffmpeg not found on PATH — required for clip + mux')
  FAILED #2: RuntimeError('ffmpeg not found on PATH — required for clip + mux')
  FAILED #3: RuntimeError('ffmpeg not found on PATH — required for clip + mux')
  FAILED #4: RuntimeError('ffmpeg not found on PATH — required for clip + mux')
  FAILED #5: RuntimeError('ffmpeg not found on PATH — required for clip + mux')
  FAILED #10: RuntimeError('ffmpeg not found on PATH — required for clip + mux')
  FAILED #11: RuntimeError('ffmpeg not found on PATH — required for clip + mux')
  FAILED #8: RuntimeError('ffmpeg not found on PATH — required for clip + mux')
  FAILED #9: RuntimeError('ffmpeg not found on PATH — required for clip + mux')
--- sync media to prod ---

===== DIG IG RUN: 2026-08-01 19:00:01 =====
--- propose ---
media synced to root@91.99.188.232:/srv/dig/app/media/ig/
--- publish ---
already at target (5 suggested). Nothing to do.
--- resolve audio ---
nothing due to publish.
===== IG DONE: 2026-08-01 19:00:12 =====
nothing needs audio.
--- autoclip ---
picked 0 window(s).
--- relabel from audio ---
nothing to re-label (use --force to redo).
--- render ---
  FAILED #6: RuntimeError('ffmpeg not found on PATH — required for clip + mux')
  FAILED #1: RuntimeError('ffmpeg not found on PATH — required for clip + mux')
  FAILED #7: RuntimeError('ffmpeg not found on PATH — required for clip + mux')
  FAILED #2: RuntimeError('ffmpeg not found on PATH — required for clip + mux')
  FAILED #3: RuntimeError('ffmpeg not found on PATH — required for clip + mux')
  FAILED #4: RuntimeError('ffmpeg not found on PATH — required for clip + mux')
  FAILED #5: RuntimeError('ffmpeg not found on PATH — required for clip + mux')
  FAILED #9: RuntimeError('ffmpeg not found on PATH — required for clip + mux')
  FAILED #10: RuntimeError('ffmpeg not found on PATH — required for clip + mux')
  FAILED #11: RuntimeError('ffmpeg not found on PATH — required for clip + mux')
  FAILED #8: RuntimeError('ffmpeg not found on PATH — required for clip + mux')
--- sync media to prod ---

===== DIG IG RUN: 2026-08-01 19:02:02 =====
--- propose ---
already at target (5 suggested). Nothing to do.
--- resolve audio ---
media synced to root@91.99.188.232:/srv/dig/app/media/ig/
--- publish ---
nothing needs audio.
--- autoclip ---
nothing due to publish.
===== IG DONE: 2026-08-01 19:02:15 =====
picked 0 window(s).
--- relabel from audio ---
nothing to re-label (use --force to redo).
--- render ---
  FAILED #6: RuntimeError('ffmpeg not found on PATH — required for clip + mux')
  FAILED #1: RuntimeError('ffmpeg not found on PATH — required for clip + mux')
  FAILED #7: RuntimeError('ffmpeg not found on PATH — required for clip + mux')
  FAILED #2: RuntimeError('ffmpeg not found on PATH — required for clip + mux')
  FAILED #3: RuntimeError('ffmpeg not found on PATH — required for clip + mux')
  FAILED #4: RuntimeError('ffmpeg not found on PATH — required for clip + mux')
  FAILED #5: RuntimeError('ffmpeg not found on PATH — required for clip + mux')
  FAILED #9: RuntimeError('ffmpeg not found on PATH — required for clip + mux')
  FAILED #10: RuntimeError('ffmpeg not found on PATH — required for clip + mux')
  FAILED #11: RuntimeError('ffmpeg not found on PATH — required for clip + mux')

===== DIG IG RUN: 2026-08-01 19:04:01 =====
--- propose ---
  FAILED #8: RuntimeError('ffmpeg not found on PATH — required for clip + mux')
--- sync media to prod ---
already at target (5 suggested). Nothing to do.
--- resolve audio ---
media synced to root@91.99.188.232:/srv/dig/app/media/ig/
--- publish ---
nothing needs audio.
--- autoclip ---
nothing due to publish.
===== IG DONE: 2026-08-01 19:04:14 =====
picked 0 window(s).
--- relabel from audio ---
nothing to re-label (use --force to redo).
--- render ---
  FAILED #1: RuntimeError('ffmpeg not found on PATH — required for clip + mux')
  FAILED #7: RuntimeError('ffmpeg not found on PATH — required for clip + mux')
  FAILED #2: RuntimeError('ffmpeg not found on PATH — required for clip + mux')
  FAILED #3: RuntimeError('ffmpeg not found on PATH — required for clip + mux')
  FAILED #4: RuntimeError('ffmpeg not found on PATH — required for clip + mux')
  FAILED #5: RuntimeError('ffmpeg not found on PATH — required for clip + mux')
  FAILED #6: RuntimeError('ffmpeg not found on PATH — required for clip + mux')
  FAILED #9: RuntimeError('ffmpeg not found on PATH — required for clip + mux')
  FAILED #10: RuntimeError('ffmpeg not found on PATH — required for clip + mux')
  FAILED #11: RuntimeError('ffmpeg not found on PATH — required for clip + mux')

===== DIG IG RUN: 2026-08-01 19:06:01 =====
--- propose ---
  FAILED #8: RuntimeError('ffmpeg not found on PATH — required for clip + mux')
--- sync media to prod ---
already at target (5 suggested). Nothing to do.
--- resolve audio ---
media synced to root@91.99.188.232:/srv/dig/app/media/ig/
--- publish ---
nothing needs audio.
--- autoclip ---
nothing due to publish.
===== IG DONE: 2026-08-01 19:06:21 =====
picked 0 window(s).
--- relabel from audio ---
nothing to re-label (use --force to redo).
--- render ---
  FAILED #3: RuntimeError('ffmpeg not found on PATH — required for clip + mux')
  FAILED #4: RuntimeError('ffmpeg not found on PATH — required for clip + mux')
  FAILED #5: RuntimeError('ffmpeg not found on PATH — required for clip + mux')
  FAILED #6: RuntimeError('ffmpeg not found on PATH — required for clip + mux')
  FAILED #1: RuntimeError('ffmpeg not found on PATH — required for clip + mux')
  FAILED #7: RuntimeError('ffmpeg not found on PATH — required for clip + mux')
  FAILED #2: RuntimeError('ffmpeg not found on PATH — required for clip + mux')
  FAILED #11: RuntimeError('ffmpeg not found on PATH — required for clip + mux')
  FAILED #8: RuntimeError('ffmpeg not found on PATH — required for clip + mux')
  FAILED #9: RuntimeError('ffmpeg not found on PATH — required for clip + mux')

===== DIG IG RUN: 2026-08-01 19:08:01 =====
--- propose ---
already at target (5 suggested). Nothing to do.
--- resolve audio ---
  FAILED #10: RuntimeError('ffmpeg not found on PATH — required for clip + mux')
--- sync media to prod ---
nothing needs audio.
--- autoclip ---
media synced to root@91.99.188.232:/srv/dig/app/media/ig/
--- publish ---
picked 0 window(s).
--- relabel from audio ---
nothing due to publish.
===== IG DONE: 2026-08-01 19:08:23 =====
nothing to re-label (use --force to redo).
--- render ---
  FAILED #1: RuntimeError('ffmpeg not found on PATH — required for clip + mux')
  FAILED #7: RuntimeError('ffmpeg not found on PATH — required for clip + mux')
  FAILED #2: RuntimeError('ffmpeg not found on PATH — required for clip + mux')
  FAILED #3: RuntimeError('ffmpeg not found on PATH — required for clip + mux')
  FAILED #4: RuntimeError('ffmpeg not found on PATH — required for clip + mux')
  FAILED #5: RuntimeError('ffmpeg not found on PATH — required for clip + mux')
  FAILED #6: RuntimeError('ffmpeg not found on PATH — required for clip + mux')
  FAILED #11: RuntimeError('ffmpeg not found on PATH — required for clip + mux')
  FAILED #8: RuntimeError('ffmpeg not found on PATH — required for clip + mux')

===== DIG IG RUN: 2026-08-01 19:10:00 =====
--- propose ---
  FAILED #9: RuntimeError('ffmpeg not found on PATH — required for clip + mux')
already at target (5 suggested). Nothing to do.
--- resolve audio ---
nothing needs audio.
--- autoclip ---
  FAILED #10: RuntimeError('ffmpeg not found on PATH — required for clip + mux')
--- sync media to prod ---
picked 0 window(s).
--- relabel from audio ---
media synced to root@91.99.188.232:/srv/dig/app/media/ig/
--- publish ---
nothing due to publish.
===== IG DONE: 2026-08-01 19:10:29 =====
nothing to re-label (use --force to redo).
--- render ---
  FAILED #6: RuntimeError('ffmpeg not found on PATH — required for clip + mux')
  FAILED #1: RuntimeError('ffmpeg not found on PATH — required for clip + mux')
  FAILED #7: RuntimeError('ffmpeg not found on PATH — required for clip + mux')
  FAILED #2: RuntimeError('ffmpeg not found on PATH — required for clip + mux')
  FAILED #3: RuntimeError('ffmpeg not found on PATH — required for clip + mux')
  FAILED #4: RuntimeError('ffmpeg not found on PATH — required for clip + mux')
  FAILED #5: RuntimeError('ffmpeg not found on PATH — required for clip + mux')
  FAILED #11: RuntimeError('ffmpeg not found on PATH — required for clip + mux')

===== DIG IG RUN: 2026-08-01 19:12:00 =====
--- propose ---
  FAILED #8: RuntimeError('ffmpeg not found on PATH — required for clip + mux')
already at target (5 suggested). Nothing to do.
--- resolve audio ---
nothing needs audio.
--- autoclip ---
  FAILED #9: RuntimeError('ffmpeg not found on PATH — required for clip + mux')
picked 0 window(s).
--- relabel from audio ---
  FAILED #10: RuntimeError('ffmpeg not found on PATH — required for clip + mux')
--- sync media to prod ---
media synced to root@91.99.188.232:/srv/dig/app/media/ig/
--- publish ---
nothing to re-label (use --force to redo).
--- render ---
nothing due to publish.
===== IG DONE: 2026-08-01 19:12:37 =====
  FAILED #6: RuntimeError('ffmpeg not found on PATH — required for clip + mux')
  FAILED #1: RuntimeError('ffmpeg not found on PATH — required for clip + mux')
  FAILED #7: RuntimeError('ffmpeg not found on PATH — required for clip + mux')
  FAILED #2: RuntimeError('ffmpeg not found on PATH — required for clip + mux')
  FAILED #3: RuntimeError('ffmpeg not found on PATH — required for clip + mux')
  FAILED #4: RuntimeError('ffmpeg not found on PATH — required for clip + mux')
  FAILED #5: RuntimeError('ffmpeg not found on PATH — required for clip + mux')
  FAILED #8: RuntimeError('ffmpeg not found on PATH — required for clip + mux')

===== DIG IG RUN: 2026-08-01 19:14:00 =====
--- propose ---
  FAILED #9: RuntimeError('ffmpeg not found on PATH — required for clip + mux')
already at target (5 suggested). Nothing to do.
--- resolve audio ---
nothing needs audio.
--- autoclip ---
  FAILED #10: RuntimeError('ffmpeg not found on PATH — required for clip + mux')
picked 0 window(s).
--- relabel from audio ---
  FAILED #11: RuntimeError('ffmpeg not found on PATH — required for clip + mux')
--- sync media to prod ---
media synced to root@91.99.188.232:/srv/dig/app/media/ig/
--- publish ---
nothing to re-label (use --force to redo).
--- render ---
nothing due to publish.
===== IG DONE: 2026-08-01 19:14:42 =====
  FAILED #6: RuntimeError('ffmpeg not found on PATH — required for clip + mux')
  FAILED #1: RuntimeError('ffmpeg not found on PATH — required for clip + mux')
  FAILED #7: RuntimeError('ffmpeg not found on PATH — required for clip + mux')
  FAILED #2: RuntimeError('ffmpeg not found on PATH — required for clip + mux')
  FAILED #3: RuntimeError('ffmpeg not found on PATH — required for clip + mux')
  FAILED #4: RuntimeError('ffmpeg not found on PATH — required for clip + mux')
  FAILED #5: RuntimeError('ffmpeg not found on PATH — required for clip + mux')
  FAILED #8: RuntimeError('ffmpeg not found on PATH — required for clip + mux')
  FAILED #9: RuntimeError('ffmpeg not found on PATH — required for clip + mux')

===== DIG IG RUN: 2026-08-01 19:16:00 =====
--- propose ---
already at target (5 suggested). Nothing to do.
--- resolve audio ---
  FAILED #10: RuntimeError('ffmpeg not found on PATH — required for clip + mux')
nothing needs audio.
--- autoclip ---
  FAILED #11: RuntimeError('ffmpeg not found on PATH — required for clip + mux')
--- sync media to prod ---
picked 0 window(s).
--- relabel from audio ---
media synced to root@91.99.188.232:/srv/dig/app/media/ig/
--- publish ---
nothing due to publish.
===== IG DONE: 2026-08-01 19:16:30 =====
nothing to re-label (use --force to redo).
--- render ---
  FAILED #1: RuntimeError('ffmpeg not found on PATH — required for clip + mux')
  FAILED #7: RuntimeError('ffmpeg not found on PATH — required for clip + mux')
  FAILED #2: RuntimeError('ffmpeg not found on PATH — required for clip + mux')
  FAILED #3: RuntimeError('ffmpeg not found on PATH — required for clip + mux')
  FAILED #4: RuntimeError('ffmpeg not found on PATH — required for clip + mux')
  FAILED #5: RuntimeError('ffmpeg not found on PATH — required for clip + mux')
  FAILED #6: RuntimeError('ffmpeg not found on PATH — required for clip + mux')
  FAILED #8: RuntimeError('ffmpeg not found on PATH — required for clip + mux')
  FAILED #9: RuntimeError('ffmpeg not found on PATH — required for clip + mux')

===== DIG IG RUN: 2026-08-01 19:18:00 =====
--- propose ---
  FAILED #10: RuntimeError('ffmpeg not found on PATH — required for clip + mux')
already at target (5 suggested). Nothing to do.
--- resolve audio ---
nothing needs audio.
--- autoclip ---
  FAILED #11: RuntimeError('ffmpeg not found on PATH — required for clip + mux')
--- sync media to prod ---
picked 0 window(s).
--- relabel from audio ---
media synced to root@91.99.188.232:/srv/dig/app/media/ig/
--- publish ---
nothing due to publish.
===== IG DONE: 2026-08-01 19:18:27 =====
nothing to re-label (use --force to redo).
--- render ---
  FAILED #3: RuntimeError('ffmpeg not found on PATH — required for clip + mux')
  FAILED #4: RuntimeError('ffmpeg not found on PATH — required for clip + mux')
  FAILED #5: RuntimeError('ffmpeg not found on PATH — required for clip + mux')
  FAILED #6: RuntimeError('ffmpeg not found on PATH — required for clip + mux')
  FAILED #1: RuntimeError('ffmpeg not found on PATH — required for clip + mux')
  FAILED #7: RuntimeError('ffmpeg not found on PATH — required for clip + mux')
  FAILED #2: RuntimeError('ffmpeg not found on PATH — required for clip + mux')
  FAILED #8: RuntimeError('ffmpeg not found on PATH — required for clip + mux')
  FAILED #9: RuntimeError('ffmpeg not found on PATH — required for clip + mux')
  FAILED #10: RuntimeError('ffmpeg not found on PATH — required for clip + mux')

===== DIG IG RUN: 2026-08-01 19:20:00 =====
--- propose ---
already at target (5 suggested). Nothing to do.
--- resolve audio ---
  FAILED #11: RuntimeError('ffmpeg not found on PATH — required for clip + mux')
--- sync media to prod ---
nothing needs audio.
--- autoclip ---
picked 0 window(s).
--- relabel from audio ---
media synced to root@91.99.188.232:/srv/dig/app/media/ig/
--- publish ---
nothing due to publish.
===== IG DONE: 2026-08-01 19:20:22 =====
nothing to re-label (use --force to redo).
--- render ---
  FAILED #1: RuntimeError('ffmpeg not found on PATH — required for clip + mux')
  FAILED #7: RuntimeError('ffmpeg not found on PATH — required for clip + mux')
  FAILED #2: RuntimeError('ffmpeg not found on PATH — required for clip + mux')
  FAILED #3: RuntimeError('ffmpeg not found on PATH — required for clip + mux')
  FAILED #4: RuntimeError('ffmpeg not found on PATH — required for clip + mux')
  FAILED #5: RuntimeError('ffmpeg not found on PATH — required for clip + mux')
  FAILED #6: RuntimeError('ffmpeg not found on PATH — required for clip + mux')
  FAILED #8: RuntimeError('ffmpeg not found on PATH — required for clip + mux')
  FAILED #9: RuntimeError('ffmpeg not found on PATH — required for clip + mux')
  FAILED #10: RuntimeError('ffmpeg not found on PATH — required for clip + mux')

===== DIG IG RUN: 2026-08-01 19:22:00 =====
--- propose ---
  FAILED #11: RuntimeError('ffmpeg not found on PATH — required for clip + mux')
--- sync media to prod ---
already at target (5 suggested). Nothing to do.
--- resolve audio ---
media synced to root@91.99.188.232:/srv/dig/app/media/ig/
--- publish ---
nothing needs audio.
--- autoclip ---
nothing due to publish.
===== IG DONE: 2026-08-01 19:22:18 =====
picked 0 window(s).
--- relabel from audio ---
nothing to re-label (use --force to redo).
--- render ---
  FAILED #6: RuntimeError('ffmpeg not found on PATH — required for clip + mux')
  FAILED #1: RuntimeError('ffmpeg not found on PATH — required for clip + mux')
  FAILED #7: RuntimeError('ffmpeg not found on PATH — required for clip + mux')
  FAILED #2: RuntimeError('ffmpeg not found on PATH — required for clip + mux')
  FAILED #3: RuntimeError('ffmpeg not found on PATH — required for clip + mux')
  FAILED #4: RuntimeError('ffmpeg not found on PATH — required for clip + mux')
  FAILED #5: RuntimeError('ffmpeg not found on PATH — required for clip + mux')
  FAILED #10: RuntimeError('ffmpeg not found on PATH — required for clip + mux')
  FAILED #11: RuntimeError('ffmpeg not found on PATH — required for clip + mux')
  FAILED #8: RuntimeError('ffmpeg not found on PATH — required for clip + mux')

===== DIG IG RUN: 2026-08-01 19:24:00 =====
--- propose ---
already at target (5 suggested). Nothing to do.
--- resolve audio ---
  FAILED #9: RuntimeError('ffmpeg not found on PATH — required for clip + mux')
--- sync media to prod ---
nothing needs audio.
--- autoclip ---
media synced to root@91.99.188.232:/srv/dig/app/media/ig/
--- publish ---
picked 0 window(s).
--- relabel from audio ---
nothing due to publish.
===== IG DONE: 2026-08-01 19:24:18 =====
nothing to re-label (use --force to redo).
--- render ---
  FAILED #6: RuntimeError('ffmpeg not found on PATH — required for clip + mux')
  FAILED #1: RuntimeError('ffmpeg not found on PATH — required for clip + mux')
  FAILED #7: RuntimeError('ffmpeg not found on PATH — required for clip + mux')
  FAILED #2: RuntimeError('ffmpeg not found on PATH — required for clip + mux')
  FAILED #3: RuntimeError('ffmpeg not found on PATH — required for clip + mux')
  FAILED #4: RuntimeError('ffmpeg not found on PATH — required for clip + mux')
  FAILED #5: RuntimeError('ffmpeg not found on PATH — required for clip + mux')
  FAILED #10: RuntimeError('ffmpeg not found on PATH — required for clip + mux')
  FAILED #11: RuntimeError('ffmpeg not found on PATH — required for clip + mux')
  FAILED #8: RuntimeError('ffmpeg not found on PATH — required for clip + mux')

===== DIG IG RUN: 2026-08-01 19:26:01 =====
--- propose ---
  FAILED #9: RuntimeError('ffmpeg not found on PATH — required for clip + mux')
--- sync media to prod ---
already at target (5 suggested). Nothing to do.
--- resolve audio ---
media synced to root@91.99.188.232:/srv/dig/app/media/ig/
--- publish ---
nothing needs audio.
--- autoclip ---
nothing due to publish.
===== IG DONE: 2026-08-01 19:26:15 =====
picked 0 window(s).
--- relabel from audio ---
nothing to re-label (use --force to redo).
--- render ---
  FAILED #6: RuntimeError('ffmpeg not found on PATH — required for clip + mux')
  FAILED #1: RuntimeError('ffmpeg not found on PATH — required for clip + mux')
  FAILED #7: RuntimeError('ffmpeg not found on PATH — required for clip + mux')
  FAILED #2: RuntimeError('ffmpeg not found on PATH — required for clip + mux')
  FAILED #3: RuntimeError('ffmpeg not found on PATH — required for clip + mux')
  FAILED #4: RuntimeError('ffmpeg not found on PATH — required for clip + mux')
  FAILED #5: RuntimeError('ffmpeg not found on PATH — required for clip + mux')
  FAILED #10: RuntimeError('ffmpeg not found on PATH — required for clip + mux')
  FAILED #11: RuntimeError('ffmpeg not found on PATH — required for clip + mux')
  FAILED #8: RuntimeError('ffmpeg not found on PATH — required for clip + mux')
  FAILED #9: RuntimeError('ffmpeg not found on PATH — required for clip + mux')

===== DIG IG RUN: 2026-08-01 19:28:02 =====
--- sync media to prod ---
--- propose ---
already at target (5 suggested). Nothing to do.
--- resolve audio ---
media synced to root@91.99.188.232:/srv/dig/app/media/ig/
--- publish ---
nothing needs audio.
--- autoclip ---
nothing due to publish.
===== IG DONE: 2026-08-01 19:28:14 =====
picked 0 window(s).
--- relabel from audio ---
nothing to re-label (use --force to redo).
--- render ---
  FAILED #1: RuntimeError('ffmpeg not found on PATH — required for clip + mux')
  FAILED #7: RuntimeError('ffmpeg not found on PATH — required for clip + mux')
  FAILED #2: RuntimeError('ffmpeg not found on PATH — required for clip + mux')
  FAILED #3: RuntimeError('ffmpeg not found on PATH — required for clip + mux')
  FAILED #4: RuntimeError('ffmpeg not found on PATH — required for clip + mux')
  FAILED #5: RuntimeError('ffmpeg not found on PATH — required for clip + mux')
  FAILED #6: RuntimeError('ffmpeg not found on PATH — required for clip + mux')
  FAILED #11: RuntimeError('ffmpeg not found on PATH — required for clip + mux')
  FAILED #8: RuntimeError('ffmpeg not found on PATH — required for clip + mux')
  FAILED #9: RuntimeError('ffmpeg not found on PATH — required for clip + mux')

===== DIG IG RUN: 2026-08-01 19:30:02 =====
--- propose ---
already at target (5 suggested). Nothing to do.
--- resolve audio ---
  FAILED #10: RuntimeError('ffmpeg not found on PATH — required for clip + mux')
--- sync media to prod ---
nothing needs audio.
--- autoclip ---
media synced to root@91.99.188.232:/srv/dig/app/media/ig/
--- publish ---
picked 0 window(s).
--- relabel from audio ---
nothing due to publish.
===== IG DONE: 2026-08-01 19:30:24 =====
nothing to re-label (use --force to redo).
--- render ---
  FAILED #3: RuntimeError('ffmpeg not found on PATH — required for clip + mux')
  FAILED #4: RuntimeError('ffmpeg not found on PATH — required for clip + mux')
  FAILED #5: RuntimeError('ffmpeg not found on PATH — required for clip + mux')
  FAILED #6: RuntimeError('ffmpeg not found on PATH — required for clip + mux')
  FAILED #1: RuntimeError('ffmpeg not found on PATH — required for clip + mux')
  FAILED #7: RuntimeError('ffmpeg not found on PATH — required for clip + mux')
  FAILED #2: RuntimeError('ffmpeg not found on PATH — required for clip + mux')
  FAILED #11: RuntimeError('ffmpeg not found on PATH — required for clip + mux')
  FAILED #8: RuntimeError('ffmpeg not found on PATH — required for clip + mux')
  FAILED #9: RuntimeError('ffmpeg not found on PATH — required for clip + mux')

===== DIG IG RUN: 2026-08-01 19:32:01 =====
--- propose ---
  FAILED #10: RuntimeError('ffmpeg not found on PATH — required for clip + mux')
--- sync media to prod ---
already at target (5 suggested). Nothing to do.
--- resolve audio ---
media synced to root@91.99.188.232:/srv/dig/app/media/ig/
--- publish ---
nothing needs audio.
--- autoclip ---
nothing due to publish.
===== IG DONE: 2026-08-01 19:32:20 =====
picked 0 window(s).
--- relabel from audio ---
nothing to re-label (use --force to redo).
--- render ---
  FAILED #1: RuntimeError('ffmpeg not found on PATH — required for clip + mux')
  FAILED #7: RuntimeError('ffmpeg not found on PATH — required for clip + mux')
  FAILED #2: RuntimeError('ffmpeg not found on PATH — required for clip + mux')
  FAILED #3: RuntimeError('ffmpeg not found on PATH — required for clip + mux')
  FAILED #4: RuntimeError('ffmpeg not found on PATH — required for clip + mux')
  FAILED #5: RuntimeError('ffmpeg not found on PATH — required for clip + mux')
  FAILED #6: RuntimeError('ffmpeg not found on PATH — required for clip + mux')
  FAILED #11: RuntimeError('ffmpeg not found on PATH — required for clip + mux')
  FAILED #8: RuntimeError('ffmpeg not found on PATH — required for clip + mux')
  FAILED #9: RuntimeError('ffmpeg not found on PATH — required for clip + mux')

===== DIG IG RUN: 2026-08-01 19:34:01 =====
--- propose ---
  FAILED #10: RuntimeError('ffmpeg not found on PATH — required for clip + mux')
--- sync media to prod ---
already at target (5 suggested). Nothing to do.
--- resolve audio ---
media synced to root@91.99.188.232:/srv/dig/app/media/ig/
--- publish ---
nothing needs audio.
--- autoclip ---
nothing due to publish.
===== IG DONE: 2026-08-01 19:34:14 =====
picked 0 window(s).
--- relabel from audio ---
nothing to re-label (use --force to redo).
--- render ---
  FAILED #6: RuntimeError('ffmpeg not found on PATH — required for clip + mux')
  FAILED #1: RuntimeError('ffmpeg not found on PATH — required for clip + mux')
  FAILED #7: RuntimeError('ffmpeg not found on PATH — required for clip + mux')
  FAILED #2: RuntimeError('ffmpeg not found on PATH — required for clip + mux')
  FAILED #3: RuntimeError('ffmpeg not found on PATH — required for clip + mux')
  FAILED #4: RuntimeError('ffmpeg not found on PATH — required for clip + mux')
  FAILED #5: RuntimeError('ffmpeg not found on PATH — required for clip + mux')
  FAILED #11: RuntimeError('ffmpeg not found on PATH — required for clip + mux')
  FAILED #8: RuntimeError('ffmpeg not found on PATH — required for clip + mux')
  FAILED #9: RuntimeError('ffmpeg not found on PATH — required for clip + mux')

===== DIG IG RUN: 2026-08-01 19:36:02 =====
--- propose ---
  FAILED #10: RuntimeError('ffmpeg not found on PATH — required for clip + mux')
--- sync media to prod ---
already at target (5 suggested). Nothing to do.
--- resolve audio ---
media synced to root@91.99.188.232:/srv/dig/app/media/ig/
--- publish ---
nothing needs audio.
--- autoclip ---
nothing due to publish.
===== IG DONE: 2026-08-01 19:36:18 =====
picked 0 window(s).
--- relabel from audio ---
nothing to re-label (use --force to redo).
--- render ---
  FAILED #6: RuntimeError('ffmpeg not found on PATH — required for clip + mux')
  FAILED #1: RuntimeError('ffmpeg not found on PATH — required for clip + mux')
  FAILED #7: RuntimeError('ffmpeg not found on PATH — required for clip + mux')
  FAILED #2: RuntimeError('ffmpeg not found on PATH — required for clip + mux')
  FAILED #3: RuntimeError('ffmpeg not found on PATH — required for clip + mux')
  FAILED #4: RuntimeError('ffmpeg not found on PATH — required for clip + mux')
  FAILED #5: RuntimeError('ffmpeg not found on PATH — required for clip + mux')
  FAILED #11: RuntimeError('ffmpeg not found on PATH — required for clip + mux')
  FAILED #8: RuntimeError('ffmpeg not found on PATH — required for clip + mux')
  FAILED #9: RuntimeError('ffmpeg not found on PATH — required for clip + mux')

===== DIG IG RUN: 2026-08-01 19:38:02 =====
--- propose ---
  FAILED #10: RuntimeError('ffmpeg not found on PATH — required for clip + mux')
--- sync media to prod ---
media synced to root@91.99.188.232:/srv/dig/app/media/ig/
--- publish ---
already at target (5 suggested). Nothing to do.
--- resolve audio ---
nothing needs audio.
--- autoclip ---
nothing due to publish.
===== IG DONE: 2026-08-01 19:38:17 =====
picked 0 window(s).
--- relabel from audio ---
nothing to re-label (use --force to redo).
--- render ---
  FAILED #6: RuntimeError('ffmpeg not found on PATH — required for clip + mux')
  FAILED #1: RuntimeError('ffmpeg not found on PATH — required for clip + mux')
  FAILED #7: RuntimeError('ffmpeg not found on PATH — required for clip + mux')
  FAILED #2: RuntimeError('ffmpeg not found on PATH — required for clip + mux')
  FAILED #3: RuntimeError('ffmpeg not found on PATH — required for clip + mux')
  FAILED #4: RuntimeError('ffmpeg not found on PATH — required for clip + mux')
  FAILED #5: RuntimeError('ffmpeg not found on PATH — required for clip + mux')
  FAILED #10: RuntimeError('ffmpeg not found on PATH — required for clip + mux')
  FAILED #11: RuntimeError('ffmpeg not found on PATH — required for clip + mux')
  FAILED #8: RuntimeError('ffmpeg not found on PATH — required for clip + mux')

===== DIG IG RUN: 2026-08-01 19:40:01 =====
--- propose ---
already at target (5 suggested). Nothing to do.
--- resolve audio ---
  FAILED #9: RuntimeError('ffmpeg not found on PATH — required for clip + mux')
--- sync media to prod ---
nothing needs audio.
--- autoclip ---
media synced to root@91.99.188.232:/srv/dig/app/media/ig/
--- publish ---
picked 0 window(s).
--- relabel from audio ---
nothing due to publish.
===== IG DONE: 2026-08-01 19:40:25 =====
nothing to re-label (use --force to redo).
--- render ---
  FAILED #1: RuntimeError('ffmpeg not found on PATH — required for clip + mux')
  FAILED #7: RuntimeError('ffmpeg not found on PATH — required for clip + mux')
  FAILED #2: RuntimeError('ffmpeg not found on PATH — required for clip + mux')
  FAILED #3: RuntimeError('ffmpeg not found on PATH — required for clip + mux')
  FAILED #4: RuntimeError('ffmpeg not found on PATH — required for clip + mux')
  FAILED #5: RuntimeError('ffmpeg not found on PATH — required for clip + mux')
  FAILED #6: RuntimeError('ffmpeg not found on PATH — required for clip + mux')
  FAILED #10: RuntimeError('ffmpeg not found on PATH — required for clip + mux')
  FAILED #11: RuntimeError('ffmpeg not found on PATH — required for clip + mux')
  FAILED #8: RuntimeError('ffmpeg not found on PATH — required for clip + mux')

===== DIG IG RUN: 2026-08-01 19:42:01 =====
--- propose ---
already at target (5 suggested). Nothing to do.
--- resolve audio ---
  FAILED #9: RuntimeError('ffmpeg not found on PATH — required for clip + mux')
--- sync media to prod ---
nothing needs audio.
--- autoclip ---
media synced to root@91.99.188.232:/srv/dig/app/media/ig/
--- publish ---
picked 0 window(s).
--- relabel from audio ---
nothing due to publish.
===== IG DONE: 2026-08-01 19:42:23 =====
nothing to re-label (use --force to redo).
--- render ---
  FAILED #3: RuntimeError('ffmpeg not found on PATH — required for clip + mux')
  FAILED #4: RuntimeError('ffmpeg not found on PATH — required for clip + mux')
  FAILED #5: RuntimeError('ffmpeg not found on PATH — required for clip + mux')
  FAILED #6: RuntimeError('ffmpeg not found on PATH — required for clip + mux')
  FAILED #1: RuntimeError('ffmpeg not found on PATH — required for clip + mux')
  FAILED #7: RuntimeError('ffmpeg not found on PATH — required for clip + mux')
  FAILED #2: RuntimeError('ffmpeg not found on PATH — required for clip + mux')
  FAILED #10: RuntimeError('ffmpeg not found on PATH — required for clip + mux')
  FAILED #11: RuntimeError('ffmpeg not found on PATH — required for clip + mux')
  FAILED #8: RuntimeError('ffmpeg not found on PATH — required for clip + mux')

===== DIG IG RUN: 2026-08-01 19:44:01 =====
--- propose ---
  FAILED #9: RuntimeError('ffmpeg not found on PATH — required for clip + mux')
--- sync media to prod ---
already at target (5 suggested). Nothing to do.
--- resolve audio ---
media synced to root@91.99.188.232:/srv/dig/app/media/ig/
--- publish ---
nothing needs audio.
--- autoclip ---
nothing due to publish.
===== IG DONE: 2026-08-01 19:44:16 =====
picked 0 window(s).
--- relabel from audio ---
nothing to re-label (use --force to redo).
--- render ---
  FAILED #1: RuntimeError('ffmpeg not found on PATH — required for clip + mux')
  FAILED #7: RuntimeError('ffmpeg not found on PATH — required for clip + mux')
  FAILED #2: RuntimeError('ffmpeg not found on PATH — required for clip + mux')
  FAILED #3: RuntimeError('ffmpeg not found on PATH — required for clip + mux')
  FAILED #4: RuntimeError('ffmpeg not found on PATH — required for clip + mux')
  FAILED #5: RuntimeError('ffmpeg not found on PATH — required for clip + mux')
  FAILED #6: RuntimeError('ffmpeg not found on PATH — required for clip + mux')
  FAILED #8: RuntimeError('ffmpeg not found on PATH — required for clip + mux')
  FAILED #9: RuntimeError('ffmpeg not found on PATH — required for clip + mux')
  FAILED #10: RuntimeError('ffmpeg not found on PATH — required for clip + mux')

===== DIG IG RUN: 2026-08-01 19:46:02 =====
--- propose ---
  FAILED #11: RuntimeError('ffmpeg not found on PATH — required for clip + mux')
--- sync media to prod ---
already at target (5 suggested). Nothing to do.
--- resolve audio ---
media synced to root@91.99.188.232:/srv/dig/app/media/ig/
--- publish ---
nothing needs audio.
--- autoclip ---
nothing due to publish.
===== IG DONE: 2026-08-01 19:46:20 =====
picked 0 window(s).
--- relabel from audio ---
nothing to re-label (use --force to redo).
--- render ---
  FAILED #6: RuntimeError('ffmpeg not found on PATH — required for clip + mux')
  FAILED #1: RuntimeError('ffmpeg not found on PATH — required for clip + mux')
  FAILED #7: RuntimeError('ffmpeg not found on PATH — required for clip + mux')
  FAILED #2: RuntimeError('ffmpeg not found on PATH — required for clip + mux')
  FAILED #3: RuntimeError('ffmpeg not found on PATH — required for clip + mux')
  FAILED #4: RuntimeError('ffmpeg not found on PATH — required for clip + mux')
  FAILED #5: RuntimeError('ffmpeg not found on PATH — required for clip + mux')
  FAILED #8: RuntimeError('ffmpeg not found on PATH — required for clip + mux')
  FAILED #9: RuntimeError('ffmpeg not found on PATH — required for clip + mux')
  FAILED #10: RuntimeError('ffmpeg not found on PATH — required for clip + mux')

===== DIG IG RUN: 2026-08-01 19:48:01 =====
--- propose ---
  FAILED #11: RuntimeError('ffmpeg not found on PATH — required for clip + mux')
--- sync media to prod ---
already at target (5 suggested). Nothing to do.
--- resolve audio ---
nothing needs audio.
--- autoclip ---
media synced to root@91.99.188.232:/srv/dig/app/media/ig/
--- publish ---
picked 0 window(s).
--- relabel from audio ---
nothing due to publish.
===== IG DONE: 2026-08-01 19:48:20 =====
nothing to re-label (use --force to redo).
--- render ---
  FAILED #6: RuntimeError('ffmpeg not found on PATH — required for clip + mux')
  FAILED #1: RuntimeError('ffmpeg not found on PATH — required for clip + mux')
  FAILED #7: RuntimeError('ffmpeg not found on PATH — required for clip + mux')
  FAILED #2: RuntimeError('ffmpeg not found on PATH — required for clip + mux')
  FAILED #3: RuntimeError('ffmpeg not found on PATH — required for clip + mux')
  FAILED #4: RuntimeError('ffmpeg not found on PATH — required for clip + mux')
  FAILED #5: RuntimeError('ffmpeg not found on PATH — required for clip + mux')
  FAILED #8: RuntimeError('ffmpeg not found on PATH — required for clip + mux')
  FAILED #9: RuntimeError('ffmpeg not found on PATH — required for clip + mux')

===== DIG IG RUN: 2026-08-01 19:50:00 =====
--- propose ---
  FAILED #10: RuntimeError('ffmpeg not found on PATH — required for clip + mux')
already at target (5 suggested). Nothing to do.
--- resolve audio ---
nothing needs audio.
--- autoclip ---
  FAILED #11: RuntimeError('ffmpeg not found on PATH — required for clip + mux')
--- sync media to prod ---
picked 0 window(s).
--- relabel from audio ---
media synced to root@91.99.188.232:/srv/dig/app/media/ig/
--- publish ---
nothing due to publish.
===== IG DONE: 2026-08-01 19:50:26 =====
nothing to re-label (use --force to redo).
--- render ---
  FAILED #6: RuntimeError('ffmpeg not found on PATH — required for clip + mux')
  FAILED #1: RuntimeError('ffmpeg not found on PATH — required for clip + mux')
  FAILED #7: RuntimeError('ffmpeg not found on PATH — required for clip + mux')
  FAILED #2: RuntimeError('ffmpeg not found on PATH — required for clip + mux')
  FAILED #3: RuntimeError('ffmpeg not found on PATH — required for clip + mux')
  FAILED #4: RuntimeError('ffmpeg not found on PATH — required for clip + mux')
  FAILED #5: RuntimeError('ffmpeg not found on PATH — required for clip + mux')
  FAILED #10: RuntimeError('ffmpeg not found on PATH — required for clip + mux')

===== DIG IG RUN: 2026-08-01 19:52:00 =====
--- propose ---
already at target (5 suggested). Nothing to do.
--- resolve audio ---
  FAILED #11: RuntimeError('ffmpeg not found on PATH — required for clip + mux')
nothing needs audio.
--- autoclip ---
picked 0 window(s).
--- relabel from audio ---
  FAILED #8: RuntimeError('ffmpeg not found on PATH — required for clip + mux')
  FAILED #9: RuntimeError('ffmpeg not found on PATH — required for clip + mux')
--- sync media to prod ---
nothing to re-label (use --force to redo).
--- render ---
media synced to root@91.99.188.232:/srv/dig/app/media/ig/
--- publish ---
nothing due to publish.
===== IG DONE: 2026-08-01 19:52:46 =====
  FAILED #1: RuntimeError('ffmpeg not found on PATH — required for clip + mux')
  FAILED #7: RuntimeError('ffmpeg not found on PATH — required for clip + mux')
  FAILED #2: RuntimeError('ffmpeg not found on PATH — required for clip + mux')
  FAILED #3: RuntimeError('ffmpeg not found on PATH — required for clip + mux')
  FAILED #4: RuntimeError('ffmpeg not found on PATH — required for clip + mux')
  FAILED #5: RuntimeError('ffmpeg not found on PATH — required for clip + mux')
  FAILED #6: RuntimeError('ffmpeg not found on PATH — required for clip + mux')
  FAILED #10: RuntimeError('ffmpeg not found on PATH — required for clip + mux')

===== DIG IG RUN: 2026-08-01 19:54:00 =====
--- propose ---
already at target (5 suggested). Nothing to do.
--- resolve audio ---
  FAILED #11: RuntimeError('ffmpeg not found on PATH — required for clip + mux')
nothing needs audio.
--- autoclip ---
picked 0 window(s).
--- relabel from audio ---
  FAILED #8: RuntimeError('ffmpeg not found on PATH — required for clip + mux')
  FAILED #9: RuntimeError('ffmpeg not found on PATH — required for clip + mux')
--- sync media to prod ---
nothing to re-label (use --force to redo).
--- render ---
media synced to root@91.99.188.232:/srv/dig/app/media/ig/
--- publish ---
nothing due to publish.
===== IG DONE: 2026-08-01 19:54:47 =====
  FAILED #3: RuntimeError('ffmpeg not found on PATH — required for clip + mux')
  FAILED #4: RuntimeError('ffmpeg not found on PATH — required for clip + mux')
  FAILED #5: RuntimeError('ffmpeg not found on PATH — required for clip + mux')
  FAILED #6: RuntimeError('ffmpeg not found on PATH — required for clip + mux')
  FAILED #1: RuntimeError('ffmpeg not found on PATH — required for clip + mux')
  FAILED #7: RuntimeError('ffmpeg not found on PATH — required for clip + mux')
  FAILED #2: RuntimeError('ffmpeg not found on PATH — required for clip + mux')
  FAILED #10: RuntimeError('ffmpeg not found on PATH — required for clip + mux')

===== DIG IG RUN: 2026-08-01 19:56:00 =====
--- propose ---
  FAILED #11: RuntimeError('ffmpeg not found on PATH — required for clip + mux')
already at target (5 suggested). Nothing to do.
--- resolve audio ---
nothing needs audio.
--- autoclip ---
  FAILED #8: RuntimeError('ffmpeg not found on PATH — required for clip + mux')
picked 0 window(s).
--- relabel from audio ---
  FAILED #9: RuntimeError('ffmpeg not found on PATH — required for clip + mux')
--- sync media to prod ---
nothing to re-label (use --force to redo).
--- render ---
media synced to root@91.99.188.232:/srv/dig/app/media/ig/
--- publish ---
nothing due to publish.
===== IG DONE: 2026-08-01 19:56:41 =====
  FAILED #1: RuntimeError('ffmpeg not found on PATH — required for clip + mux')
  FAILED #7: RuntimeError('ffmpeg not found on PATH — required for clip + mux')
  FAILED #2: RuntimeError('ffmpeg not found on PATH — required for clip + mux')
  FAILED #3: RuntimeError('ffmpeg not found on PATH — required for clip + mux')
  FAILED #4: RuntimeError('ffmpeg not found on PATH — required for clip + mux')
  FAILED #5: RuntimeError('ffmpeg not found on PATH — required for clip + mux')
  FAILED #6: RuntimeError('ffmpeg not found on PATH — required for clip + mux')
  FAILED #11: RuntimeError('ffmpeg not found on PATH — required for clip + mux')

===== DIG IG RUN: 2026-08-01 19:58:00 =====
--- propose ---
already at target (5 suggested). Nothing to do.
--- resolve audio ---
  FAILED #8: RuntimeError('ffmpeg not found on PATH — required for clip + mux')
nothing needs audio.
--- autoclip ---
picked 0 window(s).
--- relabel from audio ---
  FAILED #9: RuntimeError('ffmpeg not found on PATH — required for clip + mux')
  FAILED #10: RuntimeError('ffmpeg not found on PATH — required for clip + mux')
--- sync media to prod ---
nothing to re-label (use --force to redo).
--- render ---
media synced to root@91.99.188.232:/srv/dig/app/media/ig/
--- publish ---
nothing due to publish.
===== IG DONE: 2026-08-01 19:58:46 =====
  FAILED #6: RuntimeError('ffmpeg not found on PATH — required for clip + mux')
  FAILED #1: RuntimeError('ffmpeg not found on PATH — required for clip + mux')
  FAILED #7: RuntimeError('ffmpeg not found on PATH — required for clip + mux')
  FAILED #2: RuntimeError('ffmpeg not found on PATH — required for clip + mux')
  FAILED #3: RuntimeError('ffmpeg not found on PATH — required for clip + mux')
  FAILED #4: RuntimeError('ffmpeg not found on PATH — required for clip + mux')
  FAILED #5: RuntimeError('ffmpeg not found on PATH — required for clip + mux')

===== DIG IG RUN: 2026-08-01 20:00:01 =====
--- propose ---
  FAILED #11: RuntimeError('ffmpeg not found on PATH — required for clip + mux')
already at target (5 suggested). Nothing to do.
--- resolve audio ---
nothing needs audio.
--- autoclip ---
  FAILED #8: RuntimeError('ffmpeg not found on PATH — required for clip + mux')
picked 0 window(s).
--- relabel from audio ---
  FAILED #9: RuntimeError('ffmpeg not found on PATH — required for clip + mux')
nothing to re-label (use --force to redo).
--- render ---
  FAILED #10: RuntimeError('ffmpeg not found on PATH — required for clip + mux')
--- sync media to prod ---
media synced to root@91.99.188.232:/srv/dig/app/media/ig/
--- publish ---
nothing due to publish.
===== IG DONE: 2026-08-01 20:00:51 =====
  FAILED #6: RuntimeError('ffmpeg not found on PATH — required for clip + mux')
  FAILED #1: RuntimeError('ffmpeg not found on PATH — required for clip + mux')
  FAILED #7: RuntimeError('ffmpeg not found on PATH — required for clip + mux')
  FAILED #2: RuntimeError('ffmpeg not found on PATH — required for clip + mux')
  FAILED #3: RuntimeError('ffmpeg not found on PATH — required for clip + mux')
  FAILED #4: RuntimeError('ffmpeg not found on PATH — required for clip + mux')
  FAILED #5: RuntimeError('ffmpeg not found on PATH — required for clip + mux')

===== DIG IG RUN: 2026-08-01 20:02:00 =====
--- propose ---
  FAILED #11: RuntimeError('ffmpeg not found on PATH — required for clip + mux')
already at target (5 suggested). Nothing to do.
--- resolve audio ---
nothing needs audio.
--- autoclip ---
  FAILED #8: RuntimeError('ffmpeg not found on PATH — required for clip + mux')
picked 0 window(s).
--- relabel from audio ---
  FAILED #9: RuntimeError('ffmpeg not found on PATH — required for clip + mux')
  FAILED #10: RuntimeError('ffmpeg not found on PATH — required for clip + mux')
--- sync media to prod ---
nothing to re-label (use --force to redo).
--- render ---
media synced to root@91.99.188.232:/srv/dig/app/media/ig/
--- publish ---
nothing due to publish.
===== IG DONE: 2026-08-01 20:02:50 =====
  FAILED #6: RuntimeError('ffmpeg not found on PATH — required for clip + mux')
  FAILED #1: RuntimeError('ffmpeg not found on PATH — required for clip + mux')
  FAILED #7: RuntimeError('ffmpeg not found on PATH — required for clip + mux')
  FAILED #2: RuntimeError('ffmpeg not found on PATH — required for clip + mux')
  FAILED #3: RuntimeError('ffmpeg not found on PATH — required for clip + mux')
  FAILED #4: RuntimeError('ffmpeg not found on PATH — required for clip + mux')
  FAILED #5: RuntimeError('ffmpeg not found on PATH — required for clip + mux')
  FAILED #11: RuntimeError('ffmpeg not found on PATH — required for clip + mux')

===== DIG IG RUN: 2026-08-01 20:04:00 =====
--- propose ---
already at target (5 suggested). Nothing to do.
--- resolve audio ---
  FAILED #8: RuntimeError('ffmpeg not found on PATH — required for clip + mux')
nothing needs audio.
--- autoclip ---
picked 0 window(s).
--- relabel from audio ---
  FAILED #9: RuntimeError('ffmpeg not found on PATH — required for clip + mux')
  FAILED #10: RuntimeError('ffmpeg not found on PATH — required for clip + mux')
--- sync media to prod ---
nothing to re-label (use --force to redo).
media synced to root@91.99.188.232:/srv/dig/app/media/ig/
--- publish ---
--- render ---
nothing due to publish.
===== IG DONE: 2026-08-01 20:04:45 =====
  FAILED #1: RuntimeError('ffmpeg not found on PATH — required for clip + mux')
  FAILED #7: RuntimeError('ffmpeg not found on PATH — required for clip + mux')
  FAILED #2: RuntimeError('ffmpeg not found on PATH — required for clip + mux')
  FAILED #3: RuntimeError('ffmpeg not found on PATH — required for clip + mux')
  FAILED #4: RuntimeError('ffmpeg not found on PATH — required for clip + mux')
  FAILED #5: RuntimeError('ffmpeg not found on PATH — required for clip + mux')
  FAILED #6: RuntimeError('ffmpeg not found on PATH — required for clip + mux')

===== DIG IG RUN: 2026-08-01 20:06:00 =====
--- propose ---
  FAILED #11: RuntimeError('ffmpeg not found on PATH — required for clip + mux')
already at target (5 suggested). Nothing to do.
--- resolve audio ---
nothing needs audio.
--- autoclip ---
  FAILED #8: RuntimeError('ffmpeg not found on PATH — required for clip + mux')
picked 0 window(s).
--- relabel from audio ---
  FAILED #9: RuntimeError('ffmpeg not found on PATH — required for clip + mux')
nothing to re-label (use --force to redo).
--- render ---
  FAILED #10: RuntimeError('ffmpeg not found on PATH — required for clip + mux')
--- sync media to prod ---
media synced to root@91.99.188.232:/srv/dig/app/media/ig/
--- publish ---
nothing due to publish.
===== IG DONE: 2026-08-01 20:06:56 =====
  FAILED #3: RuntimeError('ffmpeg not found on PATH — required for clip + mux')
  FAILED #4: RuntimeError('ffmpeg not found on PATH — required for clip + mux')
  FAILED #5: RuntimeError('ffmpeg not found on PATH — required for clip + mux')
  FAILED #6: RuntimeError('ffmpeg not found on PATH — required for clip + mux')
  FAILED #1: RuntimeError('ffmpeg not found on PATH — required for clip + mux')
  FAILED #7: RuntimeError('ffmpeg not found on PATH — required for clip + mux')
  FAILED #2: RuntimeError('ffmpeg not found on PATH — required for clip + mux')

===== DIG IG RUN: 2026-08-01 20:08:00 =====
--- propose ---
  FAILED #10: RuntimeError('ffmpeg not found on PATH — required for clip + mux')
already at target (5 suggested). Nothing to do.
--- resolve audio ---
nothing needs audio.
--- autoclip ---
  FAILED #11: RuntimeError('ffmpeg not found on PATH — required for clip + mux')
picked 0 window(s).
--- relabel from audio ---
  FAILED #8: RuntimeError('ffmpeg not found on PATH — required for clip + mux')
nothing to re-label (use --force to redo).
--- render ---
  FAILED #9: RuntimeError('ffmpeg not found on PATH — required for clip + mux')
--- sync media to prod ---
media synced to root@91.99.188.232:/srv/dig/app/media/ig/
--- publish ---
  FAILED #1: RuntimeError('ffmpeg not found on PATH — required for clip + mux')
nothing due to publish.
===== IG DONE: 2026-08-01 20:08:54 =====
  FAILED #7: RuntimeError('ffmpeg not found on PATH — required for clip + mux')
  FAILED #2: RuntimeError('ffmpeg not found on PATH — required for clip + mux')
  FAILED #3: RuntimeError('ffmpeg not found on PATH — required for clip + mux')
  FAILED #4: RuntimeError('ffmpeg not found on PATH — required for clip + mux')
  FAILED #5: RuntimeError('ffmpeg not found on PATH — required for clip + mux')
  FAILED #6: RuntimeError('ffmpeg not found on PATH — required for clip + mux')

===== DIG IG RUN: 2026-08-01 20:10:01 =====
--- propose ---
  FAILED #10: RuntimeError('ffmpeg not found on PATH — required for clip + mux')
already at target (5 suggested). Nothing to do.
--- resolve audio ---
nothing needs audio.
--- autoclip ---
  FAILED #11: RuntimeError('ffmpeg not found on PATH — required for clip + mux')
picked 0 window(s).
--- relabel from audio ---
  FAILED #8: RuntimeError('ffmpeg not found on PATH — required for clip + mux')
nothing to re-label (use --force to redo).
--- render ---
  FAILED #9: RuntimeError('ffmpeg not found on PATH — required for clip + mux')
--- sync media to prod ---
media synced to root@91.99.188.232:/srv/dig/app/media/ig/
--- publish ---
nothing due to publish.
===== IG DONE: 2026-08-01 20:10:53 =====
  FAILED #6: RuntimeError('ffmpeg not found on PATH — required for clip + mux')
  FAILED #1: RuntimeError('ffmpeg not found on PATH — required for clip + mux')
  FAILED #7: RuntimeError('ffmpeg not found on PATH — required for clip + mux')
  FAILED #2: RuntimeError('ffmpeg not found on PATH — required for clip + mux')
  FAILED #3: RuntimeError('ffmpeg not found on PATH — required for clip + mux')
  FAILED #4: RuntimeError('ffmpeg not found on PATH — required for clip + mux')
  FAILED #5: RuntimeError('ffmpeg not found on PATH — required for clip + mux')

===== DIG IG RUN: 2026-08-01 20:12:00 =====
--- propose ---
  FAILED #10: RuntimeError('ffmpeg not found on PATH — required for clip + mux')
already at target (5 suggested). Nothing to do.
--- resolve audio ---
nothing needs audio.
--- autoclip ---
  FAILED #11: RuntimeError('ffmpeg not found on PATH — required for clip + mux')
picked 0 window(s).
--- relabel from audio ---
  FAILED #8: RuntimeError('ffmpeg not found on PATH — required for clip + mux')
nothing to re-label (use --force to redo).
--- render ---
  FAILED #9: RuntimeError('ffmpeg not found on PATH — required for clip + mux')
--- sync media to prod ---
media synced to root@91.99.188.232:/srv/dig/app/media/ig/
--- publish ---
nothing due to publish.
===== IG DONE: 2026-08-01 20:12:55 =====
  FAILED #6: RuntimeError('ffmpeg not found on PATH — required for clip + mux')
  FAILED #1: RuntimeError('ffmpeg not found on PATH — required for clip + mux')
  FAILED #7: RuntimeError('ffmpeg not found on PATH — required for clip + mux')
  FAILED #2: RuntimeError('ffmpeg not found on PATH — required for clip + mux')
  FAILED #3: RuntimeError('ffmpeg not found on PATH — required for clip + mux')
  FAILED #4: RuntimeError('ffmpeg not found on PATH — required for clip + mux')
  FAILED #5: RuntimeError('ffmpeg not found on PATH — required for clip + mux')

===== DIG IG RUN: 2026-08-01 20:14:00 =====
--- propose ---
already at target (5 suggested). Nothing to do.
--- resolve audio ---
  FAILED #8: RuntimeError('ffmpeg not found on PATH — required for clip + mux')
nothing needs audio.
--- autoclip ---
picked 0 window(s).
--- relabel from audio ---
  FAILED #9: RuntimeError('ffmpeg not found on PATH — required for clip + mux')
  FAILED #10: RuntimeError('ffmpeg not found on PATH — required for clip + mux')
nothing to re-label (use --force to redo).
--- render ---
  FAILED #11: RuntimeError('ffmpeg not found on PATH — required for clip + mux')
--- sync media to prod ---
media synced to root@91.99.188.232:/srv/dig/app/media/ig/
--- publish ---
  FAILED #6: RuntimeError('ffmpeg not found on PATH — required for clip + mux')
nothing due to publish.
===== IG DONE: 2026-08-01 20:14:57 =====
  FAILED #1: RuntimeError('ffmpeg not found on PATH — required for clip + mux')
  FAILED #7: RuntimeError('ffmpeg not found on PATH — required for clip + mux')
  FAILED #2: RuntimeError('ffmpeg not found on PATH — required for clip + mux')
  FAILED #3: RuntimeError('ffmpeg not found on PATH — required for clip + mux')
  FAILED #4: RuntimeError('ffmpeg not found on PATH — required for clip + mux')
  FAILED #5: RuntimeError('ffmpeg not found on PATH — required for clip + mux')
  FAILED #8: RuntimeError('ffmpeg not found on PATH — required for clip + mux')

===== DIG IG RUN: 2026-08-01 20:16:00 =====
--- propose ---
already at target (5 suggested). Nothing to do.
--- resolve audio ---
  FAILED #9: RuntimeError('ffmpeg not found on PATH — required for clip + mux')
nothing needs audio.
--- autoclip ---
picked 0 window(s).
--- relabel from audio ---
  FAILED #10: RuntimeError('ffmpeg not found on PATH — required for clip + mux')
  FAILED #11: RuntimeError('ffmpeg not found on PATH — required for clip + mux')
--- sync media to prod ---
nothing to re-label (use --force to redo).
--- render ---
media synced to root@91.99.188.232:/srv/dig/app/media/ig/
--- publish ---
nothing due to publish.
===== IG DONE: 2026-08-01 20:16:49 =====
  FAILED #1: RuntimeError('ffmpeg not found on PATH — required for clip + mux')
  FAILED #7: RuntimeError('ffmpeg not found on PATH — required for clip + mux')
  FAILED #2: RuntimeError('ffmpeg not found on PATH — required for clip + mux')
  FAILED #3: RuntimeError('ffmpeg not found on PATH — required for clip + mux')
  FAILED #4: RuntimeError('ffmpeg not found on PATH — required for clip + mux')
  FAILED #5: RuntimeError('ffmpeg not found on PATH — required for clip + mux')
  FAILED #6: RuntimeError('ffmpeg not found on PATH — required for clip + mux')
  FAILED #8: RuntimeError('ffmpeg not found on PATH — required for clip + mux')

===== DIG IG RUN: 2026-08-01 20:18:01 =====
--- propose ---
  FAILED #9: RuntimeError('ffmpeg not found on PATH — required for clip + mux')
already at target (5 suggested). Nothing to do.
--- resolve audio ---
nothing needs audio.
--- autoclip ---
  FAILED #10: RuntimeError('ffmpeg not found on PATH — required for clip + mux')
picked 0 window(s).
--- relabel from audio ---
  FAILED #11: RuntimeError('ffmpeg not found on PATH — required for clip + mux')
--- sync media to prod ---
nothing to re-label (use --force to redo).
--- render ---
media synced to root@91.99.188.232:/srv/dig/app/media/ig/
--- publish ---
nothing due to publish.
===== IG DONE: 2026-08-01 20:18:44 =====
  FAILED #3: RuntimeError('ffmpeg not found on PATH — required for clip + mux')
  FAILED #4: RuntimeError('ffmpeg not found on PATH — required for clip + mux')
  FAILED #5: RuntimeError('ffmpeg not found on PATH — required for clip + mux')
  FAILED #6: RuntimeError('ffmpeg not found on PATH — required for clip + mux')
  FAILED #1: RuntimeError('ffmpeg not found on PATH — required for clip + mux')
  FAILED #7: RuntimeError('ffmpeg not found on PATH — required for clip + mux')
  FAILED #2: RuntimeError('ffmpeg not found on PATH — required for clip + mux')
  FAILED #10: RuntimeError('ffmpeg not found on PATH — required for clip + mux')
  FAILED #11: RuntimeError('ffmpeg not found on PATH — required for clip + mux')

===== DIG IG RUN: 2026-08-01 20:20:01 =====
--- propose ---
  FAILED #8: RuntimeError('ffmpeg not found on PATH — required for clip + mux')
already at target (5 suggested). Nothing to do.
--- resolve audio ---
nothing needs audio.
--- autoclip ---
  FAILED #9: RuntimeError('ffmpeg not found on PATH — required for clip + mux')
--- sync media to prod ---
picked 0 window(s).
--- relabel from audio ---
media synced to root@91.99.188.232:/srv/dig/app/media/ig/
--- publish ---
nothing due to publish.
===== IG DONE: 2026-08-01 20:20:32 =====
nothing to re-label (use --force to redo).
--- render ---
  FAILED #1: RuntimeError('ffmpeg not found on PATH — required for clip + mux')
  FAILED #7: RuntimeError('ffmpeg not found on PATH — required for clip + mux')
  FAILED #2: RuntimeError('ffmpeg not found on PATH — required for clip + mux')
  FAILED #3: RuntimeError('ffmpeg not found on PATH — required for clip + mux')
  FAILED #4: RuntimeError('ffmpeg not found on PATH — required for clip + mux')
  FAILED #5: RuntimeError('ffmpeg not found on PATH — required for clip + mux')
  FAILED #6: RuntimeError('ffmpeg not found on PATH — required for clip + mux')
  FAILED #10: RuntimeError('ffmpeg not found on PATH — required for clip + mux')
  FAILED #11: RuntimeError('ffmpeg not found on PATH — required for clip + mux')

===== DIG IG RUN: 2026-08-01 20:22:00 =====
--- propose ---
already at target (5 suggested). Nothing to do.
--- resolve audio ---
  FAILED #8: RuntimeError('ffmpeg not found on PATH — required for clip + mux')
nothing needs audio.
--- autoclip ---
picked 0 window(s).
--- relabel from audio ---
  FAILED #9: RuntimeError('ffmpeg not found on PATH — required for clip + mux')
--- sync media to prod ---
media synced to root@91.99.188.232:/srv/dig/app/media/ig/
--- publish ---
nothing to re-label (use --force to redo).
--- render ---
nothing due to publish.
===== IG DONE: 2026-08-01 20:22:39 =====
  FAILED #6: RuntimeError('ffmpeg not found on PATH — required for clip + mux')
  FAILED #1: RuntimeError('ffmpeg not found on PATH — required for clip + mux')
  FAILED #7: RuntimeError('ffmpeg not found on PATH — required for clip + mux')
  FAILED #2: RuntimeError('ffmpeg not found on PATH — required for clip + mux')
  FAILED #3: RuntimeError('ffmpeg not found on PATH — required for clip + mux')
  FAILED #4: RuntimeError('ffmpeg not found on PATH — required for clip + mux')
  FAILED #5: RuntimeError('ffmpeg not found on PATH — required for clip + mux')
  FAILED #10: RuntimeError('ffmpeg not found on PATH — required for clip + mux')
  FAILED #11: RuntimeError('ffmpeg not found on PATH — required for clip + mux')

===== DIG IG RUN: 2026-08-01 20:24:01 =====
--- propose ---
already at target (5 suggested). Nothing to do.
--- resolve audio ---
  FAILED #8: RuntimeError('ffmpeg not found on PATH — required for clip + mux')
nothing needs audio.
--- autoclip ---
picked 0 window(s).
--- relabel from audio ---
  FAILED #9: RuntimeError('ffmpeg not found on PATH — required for clip + mux')
--- sync media to prod ---
media synced to root@91.99.188.232:/srv/dig/app/media/ig/
--- publish ---
nothing due to publish.
===== IG DONE: 2026-08-01 20:24:40 =====
nothing to re-label (use --force to redo).
--- render ---
  FAILED #6: RuntimeError('ffmpeg not found on PATH — required for clip + mux')
  FAILED #1: RuntimeError('ffmpeg not found on PATH — required for clip + mux')
  FAILED #7: RuntimeError('ffmpeg not found on PATH — required for clip + mux')
  FAILED #2: RuntimeError('ffmpeg not found on PATH — required for clip + mux')
  FAILED #3: RuntimeError('ffmpeg not found on PATH — required for clip + mux')
  FAILED #4: RuntimeError('ffmpeg not found on PATH — required for clip + mux')
  FAILED #5: RuntimeError('ffmpeg not found on PATH — required for clip + mux')
  FAILED #11: RuntimeError('ffmpeg not found on PATH — required for clip + mux')

===== DIG IG RUN: 2026-08-01 20:26:00 =====
--- propose ---
already at target (5 suggested). Nothing to do.
--- resolve audio ---
  FAILED #8: RuntimeError('ffmpeg not found on PATH — required for clip + mux')
nothing needs audio.
--- autoclip ---
picked 0 window(s).
--- relabel from audio ---
  FAILED #9: RuntimeError('ffmpeg not found on PATH — required for clip + mux')
  FAILED #10: RuntimeError('ffmpeg not found on PATH — required for clip + mux')
--- sync media to prod ---
nothing to re-label (use --force to redo).
--- render ---
media synced to root@91.99.188.232:/srv/dig/app/media/ig/
--- publish ---
nothing due to publish.
===== IG DONE: 2026-08-01 20:26:55 =====
  FAILED #6: RuntimeError('ffmpeg not found on PATH — required for clip + mux')
  FAILED #1: RuntimeError('ffmpeg not found on PATH — required for clip + mux')
  FAILED #7: RuntimeError('ffmpeg not found on PATH — required for clip + mux')
  FAILED #2: RuntimeError('ffmpeg not found on PATH — required for clip + mux')
  FAILED #3: RuntimeError('ffmpeg not found on PATH — required for clip + mux')
  FAILED #4: RuntimeError('ffmpeg not found on PATH — required for clip + mux')
  FAILED #5: RuntimeError('ffmpeg not found on PATH — required for clip + mux')
  FAILED #11: RuntimeError('ffmpeg not found on PATH — required for clip + mux')

===== DIG IG RUN: 2026-08-01 20:28:01 =====
--- propose ---
  FAILED #8: RuntimeError('ffmpeg not found on PATH — required for clip + mux')
already at target (5 suggested). Nothing to do.
--- resolve audio ---
nothing needs audio.
--- autoclip ---
  FAILED #9: RuntimeError('ffmpeg not found on PATH — required for clip + mux')
picked 0 window(s).
--- relabel from audio ---
  FAILED #10: RuntimeError('ffmpeg not found on PATH — required for clip + mux')
--- sync media to prod ---
media synced to root@91.99.188.232:/srv/dig/app/media/ig/
--- publish ---
nothing to re-label (use --force to redo).
--- render ---
nothing due to publish.
===== IG DONE: 2026-08-01 20:28:41 =====
  FAILED #1: RuntimeError('ffmpeg not found on PATH — required for clip + mux')
  FAILED #7: RuntimeError('ffmpeg not found on PATH — required for clip + mux')
  FAILED #2: RuntimeError('ffmpeg not found on PATH — required for clip + mux')
  FAILED #3: RuntimeError('ffmpeg not found on PATH — required for clip + mux')
  FAILED #4: RuntimeError('ffmpeg not found on PATH — required for clip + mux')
  FAILED #5: RuntimeError('ffmpeg not found on PATH — required for clip + mux')
  FAILED #6: RuntimeError('ffmpeg not found on PATH — required for clip + mux')
  FAILED #11: RuntimeError('ffmpeg not found on PATH — required for clip + mux')
  FAILED #8: RuntimeError('ffmpeg not found on PATH — required for clip + mux')

===== DIG IG RUN: 2026-08-01 20:30:01 =====
--- propose ---
  FAILED #9: RuntimeError('ffmpeg not found on PATH — required for clip + mux')
already at target (5 suggested). Nothing to do.
--- resolve audio ---
nothing needs audio.
--- autoclip ---
  FAILED #10: RuntimeError('ffmpeg not found on PATH — required for clip + mux')
--- sync media to prod ---
picked 0 window(s).
--- relabel from audio ---
media synced to root@91.99.188.232:/srv/dig/app/media/ig/
--- publish ---
nothing due to publish.
===== IG DONE: 2026-08-01 20:30:33 =====
nothing to re-label (use --force to redo).
--- render ---
  FAILED #3: RuntimeError('ffmpeg not found on PATH — required for clip + mux')
  FAILED #4: RuntimeError('ffmpeg not found on PATH — required for clip + mux')
  FAILED #5: RuntimeError('ffmpeg not found on PATH — required for clip + mux')
  FAILED #6: RuntimeError('ffmpeg not found on PATH — required for clip + mux')
  FAILED #1: RuntimeError('ffmpeg not found on PATH — required for clip + mux')
  FAILED #7: RuntimeError('ffmpeg not found on PATH — required for clip + mux')
  FAILED #2: RuntimeError('ffmpeg not found on PATH — required for clip + mux')
  FAILED #11: RuntimeError('ffmpeg not found on PATH — required for clip + mux')
  FAILED #8: RuntimeError('ffmpeg not found on PATH — required for clip + mux')

===== DIG IG RUN: 2026-08-01 20:32:01 =====
--- propose ---
  FAILED #9: RuntimeError('ffmpeg not found on PATH — required for clip + mux')
already at target (5 suggested). Nothing to do.
--- resolve audio ---
nothing needs audio.
--- autoclip ---
  FAILED #10: RuntimeError('ffmpeg not found on PATH — required for clip + mux')
--- sync media to prod ---
picked 0 window(s).
--- relabel from audio ---
media synced to root@91.99.188.232:/srv/dig/app/media/ig/
--- publish ---
nothing due to publish.
===== IG DONE: 2026-08-01 20:32:33 =====
nothing to re-label (use --force to redo).
--- render ---
  FAILED #1: RuntimeError('ffmpeg not found on PATH — required for clip + mux')
  FAILED #7: RuntimeError('ffmpeg not found on PATH — required for clip + mux')
  FAILED #2: RuntimeError('ffmpeg not found on PATH — required for clip + mux')
  FAILED #3: RuntimeError('ffmpeg not found on PATH — required for clip + mux')
  FAILED #4: RuntimeError('ffmpeg not found on PATH — required for clip + mux')
  FAILED #5: RuntimeError('ffmpeg not found on PATH — required for clip + mux')
  FAILED #6: RuntimeError('ffmpeg not found on PATH — required for clip + mux')
  FAILED #11: RuntimeError('ffmpeg not found on PATH — required for clip + mux')
  FAILED #8: RuntimeError('ffmpeg not found on PATH — required for clip + mux')
  FAILED #9: RuntimeError('ffmpeg not found on PATH — required for clip + mux')

===== DIG IG RUN: 2026-08-01 20:34:01 =====
--- propose ---
  FAILED #10: RuntimeError('ffmpeg not found on PATH — required for clip + mux')
--- sync media to prod ---
already at target (5 suggested). Nothing to do.
--- resolve audio ---
nothing needs audio.
--- autoclip ---
media synced to root@91.99.188.232:/srv/dig/app/media/ig/
--- publish ---
picked 0 window(s).
--- relabel from audio ---
nothing due to publish.
===== IG DONE: 2026-08-01 20:34:20 =====
nothing to re-label (use --force to redo).
--- render ---
  FAILED #6: RuntimeError('ffmpeg not found on PATH — required for clip + mux')
  FAILED #1: RuntimeError('ffmpeg not found on PATH — required for clip + mux')
  FAILED #7: RuntimeError('ffmpeg not found on PATH — required for clip + mux')
  FAILED #2: RuntimeError('ffmpeg not found on PATH — required for clip + mux')
  FAILED #3: RuntimeError('ffmpeg not found on PATH — required for clip + mux')
  FAILED #4: RuntimeError('ffmpeg not found on PATH — required for clip + mux')
  FAILED #5: RuntimeError('ffmpeg not found on PATH — required for clip + mux')
  FAILED #10: RuntimeError('ffmpeg not found on PATH — required for clip + mux')
  FAILED #11: RuntimeError('ffmpeg not found on PATH — required for clip + mux')
  FAILED #8: RuntimeError('ffmpeg not found on PATH — required for clip + mux')
  FAILED #9: RuntimeError('ffmpeg not found on PATH — required for clip + mux')
--- sync media to prod ---

===== DIG IG RUN: 2026-08-01 20:36:00 =====
--- propose ---
media synced to root@91.99.188.232:/srv/dig/app/media/ig/
--- publish ---
already at target (5 suggested). Nothing to do.
--- resolve audio ---
nothing due to publish.
===== IG DONE: 2026-08-01 20:36:09 =====
nothing needs audio.
--- autoclip ---
picked 0 window(s).
--- relabel from audio ---
nothing to re-label (use --force to redo).
--- render ---
  FAILED #6: RuntimeError('ffmpeg not found on PATH — required for clip + mux')
  FAILED #1: RuntimeError('ffmpeg not found on PATH — required for clip + mux')
  FAILED #7: RuntimeError('ffmpeg not found on PATH — required for clip + mux')
  FAILED #2: RuntimeError('ffmpeg not found on PATH — required for clip + mux')
  FAILED #3: RuntimeError('ffmpeg not found on PATH — required for clip + mux')
  FAILED #4: RuntimeError('ffmpeg not found on PATH — required for clip + mux')
  FAILED #5: RuntimeError('ffmpeg not found on PATH — required for clip + mux')
  FAILED #10: RuntimeError('ffmpeg not found on PATH — required for clip + mux')
  FAILED #11: RuntimeError('ffmpeg not found on PATH — required for clip + mux')
  FAILED #8: RuntimeError('ffmpeg not found on PATH — required for clip + mux')

===== DIG IG RUN: 2026-08-01 20:38:01 =====
--- propose ---
  FAILED #9: RuntimeError('ffmpeg not found on PATH — required for clip + mux')
--- sync media to prod ---
already at target (5 suggested). Nothing to do.
--- resolve audio ---
media synced to root@91.99.188.232:/srv/dig/app/media/ig/
--- publish ---
nothing needs audio.
--- autoclip ---
nothing due to publish.
===== IG DONE: 2026-08-01 20:38:17 =====
picked 0 window(s).
--- relabel from audio ---
nothing to re-label (use --force to redo).
--- render ---
  FAILED #6: RuntimeError('ffmpeg not found on PATH — required for clip + mux')
  FAILED #1: RuntimeError('ffmpeg not found on PATH — required for clip + mux')
  FAILED #7: RuntimeError('ffmpeg not found on PATH — required for clip + mux')
  FAILED #2: RuntimeError('ffmpeg not found on PATH — required for clip + mux')
  FAILED #3: RuntimeError('ffmpeg not found on PATH — required for clip + mux')
  FAILED #4: RuntimeError('ffmpeg not found on PATH — required for clip + mux')
  FAILED #5: RuntimeError('ffmpeg not found on PATH — required for clip + mux')
  FAILED #10: RuntimeError('ffmpeg not found on PATH — required for clip + mux')
  FAILED #11: RuntimeError('ffmpeg not found on PATH — required for clip + mux')

===== DIG IG RUN: 2026-08-01 20:40:01 =====
--- propose ---
  FAILED #8: RuntimeError('ffmpeg not found on PATH — required for clip + mux')
already at target (5 suggested). Nothing to do.
--- resolve audio ---
nothing needs audio.
--- autoclip ---
  FAILED #9: RuntimeError('ffmpeg not found on PATH — required for clip + mux')
--- sync media to prod ---
picked 0 window(s).
--- relabel from audio ---
media synced to root@91.99.188.232:/srv/dig/app/media/ig/
--- publish ---
nothing due to publish.
===== IG DONE: 2026-08-01 20:40:28 =====
nothing to re-label (use --force to redo).
--- render ---
  FAILED #1: RuntimeError('ffmpeg not found on PATH — required for clip + mux')
  FAILED #7: RuntimeError('ffmpeg not found on PATH — required for clip + mux')
  FAILED #2: RuntimeError('ffmpeg not found on PATH — required for clip + mux')
  FAILED #3: RuntimeError('ffmpeg not found on PATH — required for clip + mux')
  FAILED #4: RuntimeError('ffmpeg not found on PATH — required for clip + mux')
  FAILED #5: RuntimeError('ffmpeg not found on PATH — required for clip + mux')
  FAILED #6: RuntimeError('ffmpeg not found on PATH — required for clip + mux')
  FAILED #8: RuntimeError('ffmpeg not found on PATH — required for clip + mux')
  FAILED #9: RuntimeError('ffmpeg not found on PATH — required for clip + mux')
  FAILED #10: RuntimeError('ffmpeg not found on PATH — required for clip + mux')

===== DIG IG RUN: 2026-08-01 20:42:01 =====
--- propose ---
already at target (5 suggested). Nothing to do.
--- resolve audio ---
  FAILED #11: RuntimeError('ffmpeg not found on PATH — required for clip + mux')
--- sync media to prod ---
nothing needs audio.
--- autoclip ---
media synced to root@91.99.188.232:/srv/dig/app/media/ig/
--- publish ---
picked 0 window(s).
--- relabel from audio ---
nothing due to publish.
===== IG DONE: 2026-08-01 20:42:24 =====
nothing to re-label (use --force to redo).
--- render ---
  FAILED #3: RuntimeError('ffmpeg not found on PATH — required for clip + mux')
  FAILED #4: RuntimeError('ffmpeg not found on PATH — required for clip + mux')
  FAILED #5: RuntimeError('ffmpeg not found on PATH — required for clip + mux')
  FAILED #6: RuntimeError('ffmpeg not found on PATH — required for clip + mux')
  FAILED #1: RuntimeError('ffmpeg not found on PATH — required for clip + mux')
  FAILED #7: RuntimeError('ffmpeg not found on PATH — required for clip + mux')
  FAILED #2: RuntimeError('ffmpeg not found on PATH — required for clip + mux')
  FAILED #8: RuntimeError('ffmpeg not found on PATH — required for clip + mux')
  FAILED #9: RuntimeError('ffmpeg not found on PATH — required for clip + mux')

===== DIG IG RUN: 2026-08-01 20:44:01 =====
--- propose ---
  FAILED #10: RuntimeError('ffmpeg not found on PATH — required for clip + mux')
already at target (5 suggested). Nothing to do.
--- resolve audio ---
nothing needs audio.
--- autoclip ---
  FAILED #11: RuntimeError('ffmpeg not found on PATH — required for clip + mux')
--- sync media to prod ---
picked 0 window(s).
--- relabel from audio ---
media synced to root@91.99.188.232:/srv/dig/app/media/ig/
--- publish ---
nothing due to publish.
===== IG DONE: 2026-08-01 20:44:32 =====
nothing to re-label (use --force to redo).
--- render ---
  FAILED #5: RuntimeError('ffmpeg not found on PATH — required for clip + mux')
  FAILED #6: RuntimeError('ffmpeg not found on PATH — required for clip + mux')
  FAILED #1: RuntimeError('ffmpeg not found on PATH — required for clip + mux')
  FAILED #7: RuntimeError('ffmpeg not found on PATH — required for clip + mux')
  FAILED #2: RuntimeError('ffmpeg not found on PATH — required for clip + mux')
  FAILED #3: RuntimeError('ffmpeg not found on PATH — required for clip + mux')
  FAILED #4: RuntimeError('ffmpeg not found on PATH — required for clip + mux')
  FAILED #8: RuntimeError('ffmpeg not found on PATH — required for clip + mux')

===== DIG IG RUN: 2026-08-01 20:46:01 =====
--- propose ---
  FAILED #9: RuntimeError('ffmpeg not found on PATH — required for clip + mux')
already at target (5 suggested). Nothing to do.
--- resolve audio ---
  FAILED #10: RuntimeError('ffmpeg not found on PATH — required for clip + mux')
nothing needs audio.
--- autoclip ---
picked 0 window(s).
--- relabel from audio ---
  FAILED #11: RuntimeError('ffmpeg not found on PATH — required for clip + mux')
--- sync media to prod ---
media synced to root@91.99.188.232:/srv/dig/app/media/ig/
--- publish ---
nothing to re-label (use --force to redo).
--- render ---
nothing due to publish.
===== IG DONE: 2026-08-01 20:46:39 =====
  FAILED #7: RuntimeError('ffmpeg not found on PATH — required for clip + mux')
  FAILED #2: RuntimeError('ffmpeg not found on PATH — required for clip + mux')
  FAILED #3: RuntimeError('ffmpeg not found on PATH — required for clip + mux')
  FAILED #4: RuntimeError('ffmpeg not found on PATH — required for clip + mux')
  FAILED #5: RuntimeError('ffmpeg not found on PATH — required for clip + mux')
  FAILED #6: RuntimeError('ffmpeg not found on PATH — required for clip + mux')
  FAILED #1: RuntimeError('ffmpeg not found on PATH — required for clip + mux')
  FAILED #10: RuntimeError('ffmpeg not found on PATH — required for clip + mux')
  FAILED #11: RuntimeError('ffmpeg not found on PATH — required for clip + mux')

===== DIG IG RUN: 2026-08-01 20:48:01 =====
--- propose ---
  FAILED #8: RuntimeError('ffmpeg not found on PATH — required for clip + mux')
already at target (5 suggested). Nothing to do.
--- resolve audio ---
nothing needs audio.
--- autoclip ---
  FAILED #9: RuntimeError('ffmpeg not found on PATH — required for clip + mux')
--- sync media to prod ---
picked 0 window(s).
--- relabel from audio ---
media synced to root@91.99.188.232:/srv/dig/app/media/ig/
--- publish ---
nothing due to publish.
===== IG DONE: 2026-08-01 20:48:34 =====
nothing to re-label (use --force to redo).
--- render ---
  FAILED #6: RuntimeError('ffmpeg not found on PATH — required for clip + mux')
  FAILED #1: RuntimeError('ffmpeg not found on PATH — required for clip + mux')
  FAILED #7: RuntimeError('ffmpeg not found on PATH — required for clip + mux')
  FAILED #2: RuntimeError('ffmpeg not found on PATH — required for clip + mux')
  FAILED #3: RuntimeError('ffmpeg not found on PATH — required for clip + mux')
  FAILED #4: RuntimeError('ffmpeg not found on PATH — required for clip + mux')
  FAILED #5: RuntimeError('ffmpeg not found on PATH — required for clip + mux')
  FAILED #10: RuntimeError('ffmpeg not found on PATH — required for clip + mux')
  FAILED #11: RuntimeError('ffmpeg not found on PATH — required for clip + mux')

===== DIG IG RUN: 2026-08-01 20:50:00 =====
--- propose ---
already at target (5 suggested). Nothing to do.
--- resolve audio ---
  FAILED #8: RuntimeError('ffmpeg not found on PATH — required for clip + mux')
nothing needs audio.
--- autoclip ---
picked 0 window(s).
--- relabel from audio ---
  FAILED #9: RuntimeError('ffmpeg not found on PATH — required for clip + mux')
--- sync media to prod ---
media synced to root@91.99.188.232:/srv/dig/app/media/ig/
--- publish ---
nothing due to publish.
===== IG DONE: 2026-08-01 20:50:37 =====
nothing to re-label (use --force to redo).
--- render ---
  FAILED #6: RuntimeError('ffmpeg not found on PATH — required for clip + mux')
  FAILED #1: RuntimeError('ffmpeg not found on PATH — required for clip + mux')
  FAILED #7: RuntimeError('ffmpeg not found on PATH — required for clip + mux')
  FAILED #2: RuntimeError('ffmpeg not found on PATH — required for clip + mux')
  FAILED #3: RuntimeError('ffmpeg not found on PATH — required for clip + mux')
  FAILED #4: RuntimeError('ffmpeg not found on PATH — required for clip + mux')
  FAILED #5: RuntimeError('ffmpeg not found on PATH — required for clip + mux')
  FAILED #10: RuntimeError('ffmpeg not found on PATH — required for clip + mux')
  FAILED #11: RuntimeError('ffmpeg not found on PATH — required for clip + mux')

===== DIG IG RUN: 2026-08-01 20:52:00 =====
--- propose ---
already at target (5 suggested). Nothing to do.
--- resolve audio ---
  FAILED #8: RuntimeError('ffmpeg not found on PATH — required for clip + mux')
nothing needs audio.
--- autoclip ---
picked 0 window(s).
--- relabel from audio ---
  FAILED #9: RuntimeError('ffmpeg not found on PATH — required for clip + mux')
--- sync media to prod ---
media synced to root@91.99.188.232:/srv/dig/app/media/ig/
--- publish ---
nothing due to publish.
===== IG DONE: 2026-08-01 20:52:37 =====
nothing to re-label (use --force to redo).
--- render ---
  FAILED #6: RuntimeError('ffmpeg not found on PATH — required for clip + mux')
  FAILED #1: RuntimeError('ffmpeg not found on PATH — required for clip + mux')
  FAILED #7: RuntimeError('ffmpeg not found on PATH — required for clip + mux')
  FAILED #2: RuntimeError('ffmpeg not found on PATH — required for clip + mux')
  FAILED #3: RuntimeError('ffmpeg not found on PATH — required for clip + mux')
  FAILED #4: RuntimeError('ffmpeg not found on PATH — required for clip + mux')
  FAILED #5: RuntimeError('ffmpeg not found on PATH — required for clip + mux')
  FAILED #11: RuntimeError('ffmpeg not found on PATH — required for clip + mux')
  FAILED #8: RuntimeError('ffmpeg not found on PATH — required for clip + mux')

===== DIG IG RUN: 2026-08-01 20:54:00 =====
--- propose ---
  FAILED #9: RuntimeError('ffmpeg not found on PATH — required for clip + mux')
already at target (5 suggested). Nothing to do.
--- resolve audio ---
nothing needs audio.
--- autoclip ---
  FAILED #10: RuntimeError('ffmpeg not found on PATH — required for clip + mux')
--- sync media to prod ---
picked 0 window(s).
--- relabel from audio ---
media synced to root@91.99.188.232:/srv/dig/app/media/ig/
--- publish ---
nothing due to publish.
===== IG DONE: 2026-08-01 20:54:34 =====
nothing to re-label (use --force to redo).
--- render ---
  FAILED #1: RuntimeError('ffmpeg not found on PATH — required for clip + mux')
  FAILED #7: RuntimeError('ffmpeg not found on PATH — required for clip + mux')
  FAILED #2: RuntimeError('ffmpeg not found on PATH — required for clip + mux')
  FAILED #3: RuntimeError('ffmpeg not found on PATH — required for clip + mux')
  FAILED #4: RuntimeError('ffmpeg not found on PATH — required for clip + mux')
  FAILED #5: RuntimeError('ffmpeg not found on PATH — required for clip + mux')
  FAILED #6: RuntimeError('ffmpeg not found on PATH — required for clip + mux')
  FAILED #11: RuntimeError('ffmpeg not found on PATH — required for clip + mux')
  FAILED #8: RuntimeError('ffmpeg not found on PATH — required for clip + mux')

===== DIG IG RUN: 2026-08-01 20:56:01 =====
--- propose ---
already at target (5 suggested). Nothing to do.
--- resolve audio ---
  FAILED #9: RuntimeError('ffmpeg not found on PATH — required for clip + mux')
nothing needs audio.
--- autoclip ---
picked 0 window(s).
--- relabel from audio ---
  FAILED #10: RuntimeError('ffmpeg not found on PATH — required for clip + mux')
--- sync media to prod ---
media synced to root@91.99.188.232:/srv/dig/app/media/ig/
--- publish ---
nothing due to publish.
===== IG DONE: 2026-08-01 20:56:38 =====
nothing to re-label (use --force to redo).
--- render ---
  FAILED #3: RuntimeError('ffmpeg not found on PATH — required for clip + mux')
  FAILED #4: RuntimeError('ffmpeg not found on PATH — required for clip + mux')
  FAILED #5: RuntimeError('ffmpeg not found on PATH — required for clip + mux')
  FAILED #6: RuntimeError('ffmpeg not found on PATH — required for clip + mux')
  FAILED #1: RuntimeError('ffmpeg not found on PATH — required for clip + mux')
  FAILED #7: RuntimeError('ffmpeg not found on PATH — required for clip + mux')
  FAILED #2: RuntimeError('ffmpeg not found on PATH — required for clip + mux')
  FAILED #11: RuntimeError('ffmpeg not found on PATH — required for clip + mux')
  FAILED #8: RuntimeError('ffmpeg not found on PATH — required for clip + mux')

===== DIG IG RUN: 2026-08-01 20:58:00 =====
--- propose ---
  FAILED #9: RuntimeError('ffmpeg not found on PATH — required for clip + mux')
already at target (5 suggested). Nothing to do.
--- resolve audio ---
nothing needs audio.
--- autoclip ---
  FAILED #10: RuntimeError('ffmpeg not found on PATH — required for clip + mux')
--- sync media to prod ---
picked 0 window(s).
--- relabel from audio ---
media synced to root@91.99.188.232:/srv/dig/app/media/ig/
--- publish ---
nothing due to publish.
===== IG DONE: 2026-08-01 20:58:32 =====
nothing to re-label (use --force to redo).
--- render ---
  FAILED #1: RuntimeError('ffmpeg not found on PATH — required for clip + mux')
  FAILED #7: RuntimeError('ffmpeg not found on PATH — required for clip + mux')
  FAILED #2: RuntimeError('ffmpeg not found on PATH — required for clip + mux')
  FAILED #3: RuntimeError('ffmpeg not found on PATH — required for clip + mux')
  FAILED #4: RuntimeError('ffmpeg not found on PATH — required for clip + mux')
  FAILED #5: RuntimeError('ffmpeg not found on PATH — required for clip + mux')
  FAILED #6: RuntimeError('ffmpeg not found on PATH — required for clip + mux')
  FAILED #11: RuntimeError('ffmpeg not found on PATH — required for clip + mux')
  FAILED #8: RuntimeError('ffmpeg not found on PATH — required for clip + mux')

===== DIG IG RUN: 2026-08-01 21:00:00 =====
--- propose ---
  FAILED #9: RuntimeError('ffmpeg not found on PATH — required for clip + mux')
already at target (5 suggested). Nothing to do.
--- resolve audio ---
nothing needs audio.
--- autoclip ---
  FAILED #10: RuntimeError('ffmpeg not found on PATH — required for clip + mux')
--- sync media to prod ---
picked 0 window(s).
--- relabel from audio ---
media synced to root@91.99.188.232:/srv/dig/app/media/ig/
--- publish ---
nothing due to publish.
===== IG DONE: 2026-08-01 21:00:30 =====
nothing to re-label (use --force to redo).
--- render ---
  FAILED #6: RuntimeError('ffmpeg not found on PATH — required for clip + mux')
  FAILED #1: RuntimeError('ffmpeg not found on PATH — required for clip + mux')
  FAILED #7: RuntimeError('ffmpeg not found on PATH — required for clip + mux')
  FAILED #2: RuntimeError('ffmpeg not found on PATH — required for clip + mux')
  FAILED #3: RuntimeError('ffmpeg not found on PATH — required for clip + mux')
  FAILED #4: RuntimeError('ffmpeg not found on PATH — required for clip + mux')
  FAILED #5: RuntimeError('ffmpeg not found on PATH — required for clip + mux')
  FAILED #11: RuntimeError('ffmpeg not found on PATH — required for clip + mux')
  FAILED #8: RuntimeError('ffmpeg not found on PATH — required for clip + mux')

===== DIG IG RUN: 2026-08-01 21:02:00 =====
--- propose ---
  FAILED #9: RuntimeError('ffmpeg not found on PATH — required for clip + mux')
already at target (5 suggested). Nothing to do.
--- resolve audio ---
nothing needs audio.
--- autoclip ---
  FAILED #10: RuntimeError('ffmpeg not found on PATH — required for clip + mux')
--- sync media to prod ---
picked 0 window(s).
--- relabel from audio ---
media synced to root@91.99.188.232:/srv/dig/app/media/ig/
--- publish ---
nothing due to publish.
===== IG DONE: 2026-08-01 21:02:30 =====
nothing to re-label (use --force to redo).
--- render ---
  FAILED #6: RuntimeError('ffmpeg not found on PATH — required for clip + mux')
  FAILED #1: RuntimeError('ffmpeg not found on PATH — required for clip + mux')
  FAILED #7: RuntimeError('ffmpeg not found on PATH — required for clip + mux')
  FAILED #2: RuntimeError('ffmpeg not found on PATH — required for clip + mux')
  FAILED #3: RuntimeError('ffmpeg not found on PATH — required for clip + mux')
  FAILED #4: RuntimeError('ffmpeg not found on PATH — required for clip + mux')
  FAILED #5: RuntimeError('ffmpeg not found on PATH — required for clip + mux')
  FAILED #10: RuntimeError('ffmpeg not found on PATH — required for clip + mux')
  FAILED #11: RuntimeError('ffmpeg not found on PATH — required for clip + mux')
  FAILED #8: RuntimeError('ffmpeg not found on PATH — required for clip + mux')

===== DIG IG RUN: 2026-08-01 21:04:01 =====
--- propose ---
already at target (5 suggested). Nothing to do.
--- resolve audio ---
  FAILED #9: RuntimeError('ffmpeg not found on PATH — required for clip + mux')
--- sync media to prod ---
nothing needs audio.
--- autoclip ---
media synced to root@91.99.188.232:/srv/dig/app/media/ig/
--- publish ---
picked 0 window(s).
--- relabel from audio ---
nothing due to publish.
===== IG DONE: 2026-08-01 21:04:28 =====
nothing to re-label (use --force to redo).
--- render ---
  FAILED #6: RuntimeError('ffmpeg not found on PATH — required for clip + mux')
  FAILED #1: RuntimeError('ffmpeg not found on PATH — required for clip + mux')
  FAILED #7: RuntimeError('ffmpeg not found on PATH — required for clip + mux')
  FAILED #2: RuntimeError('ffmpeg not found on PATH — required for clip + mux')
  FAILED #3: RuntimeError('ffmpeg not found on PATH — required for clip + mux')
  FAILED #4: RuntimeError('ffmpeg not found on PATH — required for clip + mux')
  FAILED #5: RuntimeError('ffmpeg not found on PATH — required for clip + mux')
  FAILED #10: RuntimeError('ffmpeg not found on PATH — required for clip + mux')
  FAILED #11: RuntimeError('ffmpeg not found on PATH — required for clip + mux')

===== DIG IG RUN: 2026-08-01 21:06:01 =====
--- propose ---
  FAILED #8: RuntimeError('ffmpeg not found on PATH — required for clip + mux')
already at target (5 suggested). Nothing to do.
--- resolve audio ---
nothing needs audio.
--- autoclip ---
  FAILED #9: RuntimeError('ffmpeg not found on PATH — required for clip + mux')
--- sync media to prod ---
picked 0 window(s).
--- relabel from audio ---
media synced to root@91.99.188.232:/srv/dig/app/media/ig/
--- publish ---
nothing due to publish.
===== IG DONE: 2026-08-01 21:06:35 =====
nothing to re-label (use --force to redo).
--- render ---
  FAILED #1: RuntimeError('ffmpeg not found on PATH — required for clip + mux')
  FAILED #7: RuntimeError('ffmpeg not found on PATH — required for clip + mux')
  FAILED #2: RuntimeError('ffmpeg not found on PATH — required for clip + mux')
  FAILED #3: RuntimeError('ffmpeg not found on PATH — required for clip + mux')
  FAILED #4: RuntimeError('ffmpeg not found on PATH — required for clip + mux')
  FAILED #5: RuntimeError('ffmpeg not found on PATH — required for clip + mux')
  FAILED #6: RuntimeError('ffmpeg not found on PATH — required for clip + mux')
  FAILED #10: RuntimeError('ffmpeg not found on PATH — required for clip + mux')
  FAILED #11: RuntimeError('ffmpeg not found on PATH — required for clip + mux')

===== DIG IG RUN: 2026-08-01 21:08:02 =====
--- propose ---
  FAILED #8: RuntimeError('ffmpeg not found on PATH — required for clip + mux')
already at target (5 suggested). Nothing to do.
--- resolve audio ---
nothing needs audio.
--- autoclip ---
  FAILED #9: RuntimeError('ffmpeg not found on PATH — required for clip + mux')
--- sync media to prod ---
picked 0 window(s).
--- relabel from audio ---
media synced to root@91.99.188.232:/srv/dig/app/media/ig/
--- publish ---
nothing due to publish.
===== IG DONE: 2026-08-01 21:08:37 =====
nothing to re-label (use --force to redo).
--- render ---
  FAILED #3: RuntimeError('ffmpeg not found on PATH — required for clip + mux')
  FAILED #4: RuntimeError('ffmpeg not found on PATH — required for clip + mux')
  FAILED #5: RuntimeError('ffmpeg not found on PATH — required for clip + mux')
  FAILED #6: RuntimeError('ffmpeg not found on PATH — required for clip + mux')
  FAILED #1: RuntimeError('ffmpeg not found on PATH — required for clip + mux')
  FAILED #7: RuntimeError('ffmpeg not found on PATH — required for clip + mux')
  FAILED #2: RuntimeError('ffmpeg not found on PATH — required for clip + mux')
  FAILED #8: RuntimeError('ffmpeg not found on PATH — required for clip + mux')

===== DIG IG RUN: 2026-08-01 21:10:01 =====
--- propose ---
  FAILED #9: RuntimeError('ffmpeg not found on PATH — required for clip + mux')
already at target (5 suggested). Nothing to do.
--- resolve audio ---
nothing needs audio.
--- autoclip ---
  FAILED #10: RuntimeError('ffmpeg not found on PATH — required for clip + mux')
picked 0 window(s).
--- relabel from audio ---
  FAILED #11: RuntimeError('ffmpeg not found on PATH — required for clip + mux')
--- sync media to prod ---
media synced to root@91.99.188.232:/srv/dig/app/media/ig/
--- publish ---
nothing to re-label (use --force to redo).
--- render ---
nothing due to publish.
===== IG DONE: 2026-08-01 21:10:43 =====
  FAILED #1: RuntimeError('ffmpeg not found on PATH — required for clip + mux')
  FAILED #7: RuntimeError('ffmpeg not found on PATH — required for clip + mux')
  FAILED #2: RuntimeError('ffmpeg not found on PATH — required for clip + mux')
  FAILED #3: RuntimeError('ffmpeg not found on PATH — required for clip + mux')
  FAILED #4: RuntimeError('ffmpeg not found on PATH — required for clip + mux')
  FAILED #5: RuntimeError('ffmpeg not found on PATH — required for clip + mux')
  FAILED #6: RuntimeError('ffmpeg not found on PATH — required for clip + mux')
  FAILED #8: RuntimeError('ffmpeg not found on PATH — required for clip + mux')
  FAILED #9: RuntimeError('ffmpeg not found on PATH — required for clip + mux')

===== DIG IG RUN: 2026-08-01 21:12:02 =====
--- propose ---
  FAILED #10: RuntimeError('ffmpeg not found on PATH — required for clip + mux')
already at target (5 suggested). Nothing to do.
--- resolve audio ---
  FAILED #11: RuntimeError('ffmpeg not found on PATH — required for clip + mux')
--- sync media to prod ---
nothing needs audio.
--- autoclip ---
picked 0 window(s).
media synced to root@91.99.188.232:/srv/dig/app/media/ig/
--- publish ---
--- relabel from audio ---
nothing due to publish.
===== IG DONE: 2026-08-01 21:12:33 =====
nothing to re-label (use --force to redo).
--- render ---
  FAILED #6: RuntimeError('ffmpeg not found on PATH — required for clip + mux')
  FAILED #1: RuntimeError('ffmpeg not found on PATH — required for clip + mux')
  FAILED #7: RuntimeError('ffmpeg not found on PATH — required for clip + mux')
  FAILED #2: RuntimeError('ffmpeg not found on PATH — required for clip + mux')
  FAILED #3: RuntimeError('ffmpeg not found on PATH — required for clip + mux')
  FAILED #4: RuntimeError('ffmpeg not found on PATH — required for clip + mux')
  FAILED #5: RuntimeError('ffmpeg not found on PATH — required for clip + mux')
  FAILED #8: RuntimeError('ffmpeg not found on PATH — required for clip + mux')
  FAILED #9: RuntimeError('ffmpeg not found on PATH — required for clip + mux')

===== DIG IG RUN: 2026-08-01 21:14:01 =====
--- propose ---
  FAILED #10: RuntimeError('ffmpeg not found on PATH — required for clip + mux')
already at target (5 suggested). Nothing to do.
--- resolve audio ---
  FAILED #11: RuntimeError('ffmpeg not found on PATH — required for clip + mux')
--- sync media to prod ---
nothing needs audio.
--- autoclip ---
picked 0 window(s).
--- relabel from audio ---
media synced to root@91.99.188.232:/srv/dig/app/media/ig/
--- publish ---
nothing due to publish.
===== IG DONE: 2026-08-01 21:14:29 =====
nothing to re-label (use --force to redo).
--- render ---
  FAILED #6: RuntimeError('ffmpeg not found on PATH — required for clip + mux')
  FAILED #1: RuntimeError('ffmpeg not found on PATH — required for clip + mux')
  FAILED #7: RuntimeError('ffmpeg not found on PATH — required for clip + mux')
  FAILED #2: RuntimeError('ffmpeg not found on PATH — required for clip + mux')
  FAILED #3: RuntimeError('ffmpeg not found on PATH — required for clip + mux')
  FAILED #4: RuntimeError('ffmpeg not found on PATH — required for clip + mux')
  FAILED #5: RuntimeError('ffmpeg not found on PATH — required for clip + mux')
  FAILED #10: RuntimeError('ffmpeg not found on PATH — required for clip + mux')
  FAILED #11: RuntimeError('ffmpeg not found on PATH — required for clip + mux')
  FAILED #8: RuntimeError('ffmpeg not found on PATH — required for clip + mux')

===== DIG IG RUN: 2026-08-01 21:16:01 =====
--- propose ---
already at target (5 suggested). Nothing to do.
--- resolve audio ---
  FAILED #9: RuntimeError('ffmpeg not found on PATH — required for clip + mux')
--- sync media to prod ---
nothing needs audio.
--- autoclip ---
media synced to root@91.99.188.232:/srv/dig/app/media/ig/
--- publish ---
picked 0 window(s).
--- relabel from audio ---
nothing due to publish.
===== IG DONE: 2026-08-01 21:16:21 =====
nothing to re-label (use --force to redo).
--- render ---
  FAILED #6: RuntimeError('ffmpeg not found on PATH — required for clip + mux')
  FAILED #1: RuntimeError('ffmpeg not found on PATH — required for clip + mux')
  FAILED #7: RuntimeError('ffmpeg not found on PATH — required for clip + mux')
  FAILED #2: RuntimeError('ffmpeg not found on PATH — required for clip + mux')
  FAILED #3: RuntimeError('ffmpeg not found on PATH — required for clip + mux')
  FAILED #4: RuntimeError('ffmpeg not found on PATH — required for clip + mux')
  FAILED #5: RuntimeError('ffmpeg not found on PATH — required for clip + mux')
  FAILED #10: RuntimeError('ffmpeg not found on PATH — required for clip + mux')
  FAILED #11: RuntimeError('ffmpeg not found on PATH — required for clip + mux')

===== DIG IG RUN: 2026-08-01 21:18:00 =====
--- propose ---
already at target (5 suggested). Nothing to do.
--- resolve audio ---
  FAILED #8: RuntimeError('ffmpeg not found on PATH — required for clip + mux')
nothing needs audio.
--- autoclip ---
picked 0 window(s).
--- relabel from audio ---
  FAILED #9: RuntimeError('ffmpeg not found on PATH — required for clip + mux')
--- sync media to prod ---
media synced to root@91.99.188.232:/srv/dig/app/media/ig/
--- publish ---
nothing due to publish.
===== IG DONE: 2026-08-01 21:18:35 =====
nothing to re-label (use --force to redo).
--- render ---
  FAILED #1: RuntimeError('ffmpeg not found on PATH — required for clip + mux')
  FAILED #7: RuntimeError('ffmpeg not found on PATH — required for clip + mux')
  FAILED #2: RuntimeError('ffmpeg not found on PATH — required for clip + mux')
  FAILED #3: RuntimeError('ffmpeg not found on PATH — required for clip + mux')
  FAILED #4: RuntimeError('ffmpeg not found on PATH — required for clip + mux')
  FAILED #5: RuntimeError('ffmpeg not found on PATH — required for clip + mux')
  FAILED #6: RuntimeError('ffmpeg not found on PATH — required for clip + mux')
  FAILED #10: RuntimeError('ffmpeg not found on PATH — required for clip + mux')
